"q78_1";"q81";"age6";"q57";"region";"edu3";"q2";"q41_1";"q41_2";"q41_5";"q67_1";"q67_2";"q67_3";"q67_4";"q67_5";"q40_3";"q75_7";"q49_1";"q49_2";"q49_3";"q49_4";"expq80cond";"expq80value"
4;0;6;7;2;3;1;4;3;5;2;3;1;2;2;2;3;4;4;3;2;"Multinationals";"Allowed"
4;0;6;6;2;2;2;3;2;3;3;4;4;4;4;4;4;3;3;3;3;"Multinationals";"Allowed"
4;0;6;6;2;3;2;4;4;4;4;4;3;4;2;4;5;3;3;3;4;"Multinationals";"Allowed"
2;0;3;3;2;3;2;4;1;3;2;2;2;2;1;1;5;1;2;1;5;"Multinationals";"Allowed"
2;0;5;5;2;3;2;4;4;4;2;1;1;2;1;4;5;2;4;5;4;"Immigrants";"Allowed"
4;0;6;4;2;2;2;4;4;4;2;2;2;2;2;5;5;3;2;2;2;"Multinationals";"Stopped"
4;0;5;3;2;1;1;2;4;4;4;4;4;4;4;4;4;4;2;3;4;"Multinationals";"Allowed"
4;0;4;3;2;1;2;2;4;3;4;4;4;4;4;4;4;NA;NA;NA;NA;"Multinationals";"Allowed"
4;0;1;5;2;1;1;2;4;4;4;4;4;4;4;4;5;4;2;2;3;"Multinationals";"Allowed"
4;0;6;5;2;1;2;4;3;4;4;3;3;3;3;3;3;3;5;4;4;"Immigrants";"Stopped"
4;0;5;1;2;1;2;4;4;4;3;3;2;4;2;2;5;2;3;4;3;"Immigrants";"Stopped"
3;0;6;0;2;1;1;5;5;4;3;3;3;3;3;5;2;4;3;2;3;"Immigrants";"Stopped"
2;0;2;7;2;3;1;2;2;2;2;4;3;4;2;2;2;2;3;4;4;"Immigrants";"Allowed"
4;0;5;77;2;1;1;4;4;3;2;4;3;4;3;3;4;3;3;2;3;"Multinationals";"Stopped"
3;0;4;6;2;2;1;3;4;2;1;2;1;1;1;5;3;1;1;1;4;"Multinationals";"Allowed"
4;0;2;3;2;2;1;4;3;2;4;4;3;4;3;4;4;1;1;1;4;"Immigrants";"Allowed"
3;0;NA;4;2;1;2;4;2;3;4;4;4;4;4;4;3;4;3;3;3;"Immigrants";"Allowed"
4;0;6;6;2;2;1;4;4;3;4;3;4;4;4;4;4;4;4;4;3;"Immigrants";"Allowed"
3;0;1;6;2;2;1;4;2;3;4;3;4;3;4;4;3;2;2;3;3;"Immigrants";"Allowed"
4;0;1;7;2;3;2;2;2;3;2;2;2;2;2;3;3;3;2;2;4;"Multinationals";"Stopped"
4;0;4;2;2;1;2;4;4;4;3;2;3;4;2;5;5;5;4;4;2;"Immigrants";"Stopped"
4;0;2;2;2;3;2;4;4;2;4;2;2;2;4;4;4;4;4;4;4;"Multinationals";"Allowed"
4;0;2;3;2;3;2;4;4;4;4;4;3;4;4;4;4;4;2;2;2;"Immigrants";"Allowed"
4;0;3;6;2;2;1;3;4;3;4;4;4;4;4;4;5;4;2;3;2;"Multinationals";"Allowed"
3;0;1;3;2;2;2;4;4;4;4;4;1;2;4;4;4;1;1;1;1;"Immigrants";"Allowed"
4;0;NA;3;2;1;2;2;3;3;3;4;4;3;3;4;4;3;3;3;4;"Multinationals";"Allowed"
4;0;2;3;2;3;1;2;2;2;2;4;3;3;3;4;4;1;1;1;5;"Multinationals";"Allowed"
4;0;2;3;2;2;1;4;3;2;4;4;3;3;4;4;4;NA;NA;NA;NA;"Immigrants";"Stopped"
4;0;4;3;2;1;1;4;4;4;3;4;4;3;4;4;3;NA;NA;NA;NA;"Immigrants";"Allowed"
3;0;6;5;2;2;2;4;3;4;4;3;7;3;3;3;7;7;2;3;4;"Multinationals";"Allowed"
4;1;6;6;2;3;1;2;1;2;3;3;4;2;1;4;1;1;2;1;5;"Immigrants";"Stopped"
4;0;NA;4;2;1;1;4;4;3;4;3;4;4;4;4;4;NA;NA;NA;NA;"Immigrants";"Allowed"
3;0;3;3;2;3;2;4;4;2;3;4;3;4;4;4;4;NA;NA;NA;NA;"Multinationals";"Allowed"
4;0;1;6;2;2;1;2;2;4;4;3;4;3;2;4;4;4;3;3;4;"Multinationals";"Allowed"
3;1;6;5;2;3;2;4;4;3;4;3;3;3;3;4;4;3;3;3;3;"Immigrants";"Allowed"
3;0;4;3;2;2;1;4;4;4;4;4;4;3;3;4;4;NA;NA;NA;NA;"Multinationals";"Allowed"
4;0;4;7;2;3;1;3;2;2;3;3;3;3;4;4;4;4;4;4;4;"Immigrants";"Allowed"
4;0;2;3;2;2;2;2;4;2;4;4;4;3;3;4;4;3;3;3;4;"Immigrants";"Stopped"
4;0;4;3;2;2;2;4;4;4;4;4;3;4;4;4;4;NA;NA;NA;NA;"Multinationals";"Allowed"
4;0;5;3;2;1;1;4;3;2;1;1;1;1;1;5;5;3;3;3;3;"Immigrants";"Allowed"
2;0;5;3;2;2;1;2;1;2;1;1;1;1;1;4;4;3;4;3;3;"Multinationals";"Allowed"
4;0;4;5;2;1;1;4;3;4;4;3;3;4;3;4;3;NA;NA;NA;NA;"Multinationals";"Stopped"
3;0;3;7;2;2;2;4;4;4;4;3;4;3;4;4;3;NA;NA;NA;NA;"Immigrants";"no_response"
3;0;5;5;2;2;2;2;2;3;2;3;2;3;2;2;2;4;3;4;4;"Multinationals";"Stopped"
2;0;4;5;2;2;2;4;5;4;1;1;1;1;1;4;5;2;4;2;3;"Immigrants";"Stopped"
4;0;6;5;2;2;1;5;5;4;2;2;2;2;2;3;3;4;4;4;3;"Multinationals";"Stopped"
3;0;6;5;2;2;1;4;3;3;1;1;1;2;2;5;4;3;3;3;3;"Immigrants";"Stopped"
4;0;4;5;2;2;1;3;4;4;2;2;2;2;2;4;5;2;2;2;4;"Multinationals";"Stopped"
4;0;3;5;2;1;2;5;5;5;2;3;3;2;2;4;5;4;5;5;4;"Multinationals";"Allowed"
3;0;5;6;2;1;2;4;2;4;3;4;4;4;3;4;4;4;3;4;4;"Multinationals";"Stopped"
2;0;5;6;2;3;2;3;2;3;2;3;2;2;2;3;4;2;2;3;4;"Immigrants";"Stopped"
2;0;2;1;2;2;2;4;4;4;3;4;3;2;3;4;3;2;3;2;3;"Immigrants";"Stopped"
5;0;3;5;2;3;1;4;3;4;2;3;3;3;2;5;5;3;2;1;5;"Multinationals";"Allowed"
2;0;6;7;2;1;1;4;5;4;3;3;3;3;3;5;5;5;5;5;2;"Multinationals";"Stopped"
3;0;4;5;2;1;2;4;4;5;3;4;3;4;3;2;2;2;3;3;4;"Immigrants";"Stopped"
4;0;2;5;2;3;1;2;2;1;3;4;2;3;4;4;4;1;1;1;5;"Immigrants";"no_response"
4;0;NA;5;2;1;2;2;2;2;2;2;3;4;2;4;2;2;3;3;4;"Multinationals";"Allowed"
3;0;1;3;2;1;1;4;4;4;4;3;4;3;4;4;3;NA;NA;NA;NA;"Immigrants";"Allowed"
4;0;NA;3;2;1;2;4;4;5;4;4;3;4;4;4;3;2;2;2;4;"Immigrants";"no_response"
3;0;2;3;2;1;1;3;2;4;4;4;4;3;3;5;4;NA;NA;NA;NA;"Multinationals";"no_response"
2;0;5;3;2;1;1;2;1;1;1;1;1;1;1;3;5;4;4;4;3;"Multinationals";"Allowed"
2;0;5;8;2;2;2;2;2;4;2;2;2;2;3;3;2;2;2;2;4;"Immigrants";"Stopped"
5;0;3;10;2;2;1;2;3;2;4;4;3;3;4;4;5;5;4;4;2;"Multinationals";"Stopped"
2;0;3;7;2;2;1;4;4;2;4;4;4;4;4;4;4;4;2;2;3;"Multinationals";"Allowed"
3;0;6;5;2;2;2;4;4;4;4;4;4;4;4;4;4;4;4;2;2;"Immigrants";"Allowed"
4;0;NA;5;2;NA;1;4;4;3;4;3;3;4;4;3;3;4;4;4;4;"Multinationals";"Stopped"
2;0;6;3;2;1;2;4;4;4;4;4;4;4;4;3;4;2;4;4;4;"Multinationals";"Allowed"
2;0;5;4;2;3;1;2;1;3;2;2;1;3;1;4;4;1;2;2;4;"Immigrants";"Allowed"
4;0;5;4;2;3;1;1;1;3;5;3;4;4;4;4;4;2;3;4;3;"Immigrants";"Stopped"
3;0;6;2;2;3;2;2;2;2;2;3;2;2;2;3;3;2;2;2;4;"Immigrants";"Stopped"
2;0;6;4;2;1;1;1;1;3;3;4;3;3;2;4;3;3;3;3;4;"Multinationals";"Allowed"
4;0;3;8;2;3;1;5;3;3;3;3;2;3;2;1;1;3;3;4;4;"Immigrants";"Allowed"
1;0;4;5;2;2;2;5;5;5;3;3;2;2;1;5;5;3;5;3;5;"Multinationals";"Stopped"
2;0;5;5;2;1;1;4;4;2;4;4;4;4;3;4;5;3;4;3;4;"Multinationals";"Stopped"
2;0;3;5;2;1;2;5;4;4;2;5;4;5;5;5;5;4;4;4;2;"Immigrants";"Allowed"
3;0;1;4;2;2;2;1;1;3;5;2;2;4;1;4;4;1;1;1;4;"Multinationals";"Allowed"
4;0;4;5;2;2;2;4;2;4;2;3;2;2;3;4;3;3;1;1;4;"Multinationals";"Stopped"
4;0;3;5;2;1;1;5;3;5;4;4;4;4;4;4;5;5;5;5;1;"Immigrants";"Allowed"
2;0;3;8;2;3;2;4;4;4;3;4;4;3;4;4;4;3;4;5;3;"Multinationals";"Allowed"
4;0;3;7;2;2;1;4;3;5;4;2;3;4;2;5;4;2;4;3;4;"Immigrants";"Allowed"
1;1;3;0;2;3;1;1;1;3;1;1;2;2;1;5;5;2;2;3;4;"Multinationals";"Allowed"
4;0;5;5;2;2;2;2;3;4;2;2;2;2;2;4;4;2;2;2;4;"Multinationals";"Allowed"
5;0;3;0;2;2;2;5;5;4;3;2;3;3;2;5;3;4;3;2;4;"Immigrants";"Stopped"
4;0;5;5;2;2;2;4;4;4;2;2;4;2;2;3;3;4;4;5;3;"Immigrants";"Stopped"
2;0;3;0;2;3;1;5;4;4;4;4;4;4;4;4;2;4;3;3;3;"Immigrants";"Stopped"
3;0;2;5;2;2;1;2;3;4;4;3;4;4;4;4;3;4;4;2;4;"Immigrants";"Allowed"
1;0;1;4;2;3;2;2;4;4;3;3;3;3;3;4;2;4;2;2;4;"Immigrants";"Allowed"
4;0;6;0;2;2;2;4;4;3;4;3;1;3;3;5;3;5;1;3;5;"Multinationals";"Stopped"
3;0;2;0;2;2;1;3;3;3;4;3;3;3;3;2;3;NA;NA;NA;NA;"Multinationals";"Stopped"
3;7;3;77;2;3;2;4;3;4;3;3;4;3;4;3;4;NA;NA;NA;NA;"Immigrants";"Stopped"
4;0;5;0;2;1;2;4;3;3;2;3;3;2;2;4;3;1;5;4;4;"Multinationals";"Stopped"
4;0;6;0;2;2;1;3;4;4;4;3;3;4;4;4;3;5;3;4;3;"Immigrants";"Stopped"
4;0;6;0;2;1;2;4;3;4;3;3;2;3;3;4;3;3;3;3;3;"Immigrants";"Stopped"
2;0;3;4;2;2;2;2;1;4;3;3;3;3;3;3;3;NA;NA;NA;NA;"Multinationals";"Stopped"
2;0;6;5;2;1;2;5;5;4;4;4;4;3;4;5;4;4;4;2;5;"Multinationals";"Allowed"
4;0;4;3;2;1;1;5;4;3;4;4;4;4;3;4;5;3;3;2;4;"Multinationals";"Allowed"
4;0;6;5;2;1;1;4;5;4;4;4;4;4;4;2;5;5;5;5;1;"Immigrants";"Allowed"
4;0;5;6;2;2;2;5;4;4;4;4;3;4;3;4;4;4;4;4;4;"Multinationals";"Stopped"
4;0;3;7;2;3;2;4;3;4;4;3;4;4;4;3;3;4;3;3;4;"Multinationals";"Stopped"
4;0;2;5;2;3;1;4;4;5;4;4;4;3;2;4;3;1;3;2;4;"Multinationals";"Allowed"
2;0;6;6;2;3;2;1;2;2;2;2;2;2;1;4;5;2;3;2;5;"Immigrants";"Stopped"
4;0;4;6;2;3;2;2;2;5;3;3;2;3;3;4;3;2;4;4;3;"Immigrants";"Stopped"
4;0;5;5;2;1;1;5;4;4;4;4;3;4;3;4;5;5;5;5;1;"Multinationals";"Allowed"
3;0;1;10;2;1;1;2;1;4;3;2;3;2;1;5;3;2;3;1;5;"Multinationals";"Allowed"
3;0;4;5;2;3;2;4;4;4;4;4;4;4;3;5;5;2;3;3;4;"Multinationals";"Allowed"
1;0;3;8;2;2;2;4;3;5;5;5;3;3;2;2;2;5;5;5;2;"Immigrants";"Stopped"
3;0;6;5;2;1;2;5;5;5;3;2;3;2;4;3;3;3;4;2;4;"Immigrants";"Stopped"
2;0;4;8;2;3;1;4;3;4;4;5;4;4;4;4;4;3;3;4;4;"Multinationals";"Allowed"
5;0;2;5;2;1;2;5;3;1;2;2;2;2;1;3;2;3;3;2;4;"Immigrants";"Stopped"
2;0;4;5;2;2;2;4;4;5;2;4;2;2;1;5;5;4;2;5;4;"Immigrants";"Allowed"
2;0;4;5;2;2;2;2;2;2;3;3;3;3;3;4;4;1;2;2;4;"Multinationals";"Stopped"
4;0;5;5;2;2;1;3;3;3;2;4;3;4;2;4;4;3;4;3;4;"Multinationals";"Allowed"
3;0;3;5;2;1;2;3;2;4;4;4;4;4;3;4;4;2;2;2;4;"Immigrants";"Stopped"
4;0;5;6;2;1;1;4;3;4;4;4;4;4;4;3;4;3;3;4;3;"Immigrants";"Stopped"
4;0;6;5;2;1;2;5;2;5;2;4;4;4;2;4;4;4;4;4;4;"Immigrants";"Stopped"
1;0;4;99;2;2;1;2;3;3;3;3;3;3;1;3;3;1;2;2;4;"Immigrants";"Stopped"
4;0;6;2;2;1;2;5;5;5;2;4;2;2;4;5;5;3;3;2;4;"Immigrants";"Stopped"
4;0;3;5;2;1;1;5;4;3;3;3;3;3;2;4;5;2;1;1;4;"Multinationals";"Allowed"
1;0;5;99;2;2;2;4;3;3;3;4;3;4;2;3;5;1;3;3;5;"Immigrants";"Allowed"
4;0;2;5;2;3;2;4;2;4;2;2;2;4;1;5;5;2;4;4;4;"Multinationals";"Allowed"
4;0;5;4;2;1;1;4;5;4;2;2;2;2;2;5;3;4;4;4;2;"Multinationals";"Stopped"
4;0;3;2;2;2;1;5;4;5;5;3;4;4;3;2;4;NA;NA;NA;NA;"Multinationals";"no_response"
4;0;3;7;2;3;2;4;3;3;4;4;2;4;3;4;3;4;3;4;3;"Immigrants";"Stopped"
4;0;3;77;2;3;2;4;3;3;3;3;4;3;2;4;4;4;2;2;4;"Immigrants";"Stopped"
4;0;3;5;2;1;2;4;5;4;3;4;3;3;1;5;2;3;4;4;3;"Immigrants";"Allowed"
4;0;6;0;2;3;1;2;4;4;2;3;2;2;2;5;2;2;3;2;4;"Immigrants";"Stopped"
1;0;6;0;2;3;2;5;4;5;4;4;1;3;4;5;4;4;4;1;5;"Multinationals";"Stopped"
4;0;NA;4;2;1;1;3;4;3;4;3;3;3;3;3;3;4;4;3;3;"Multinationals";"Stopped"
2;0;5;5;2;2;2;1;1;1;4;4;3;4;2;5;3;1;2;3;4;"Immigrants";"Stopped"
3;0;6;0;2;2;1;3;3;3;2;2;3;3;3;5;3;3;3;3;5;"Immigrants";"Stopped"
3;0;4;5;2;2;2;4;4;4;4;4;2;4;2;4;3;2;3;3;3;"Multinationals";"Allowed"
3;0;5;5;2;2;1;3;2;4;3;2;3;2;2;4;4;3;4;3;4;"Multinationals";"Stopped"
5;0;6;2;2;2;2;3;3;4;2;4;2;3;3;4;5;3;3;3;2;"Multinationals";"Allowed"
2;0;2;7;2;3;2;1;1;1;4;2;4;2;2;2;2;1;1;1;5;"Multinationals";"Allowed"
3;0;3;0;2;2;2;3;3;2;2;2;2;3;3;3;3;4;3;3;3;"Immigrants";"Stopped"
2;0;1;3;2;2;2;4;4;3;4;2;1;3;2;4;3;1;1;1;4;"Multinationals";"Allowed"
3;0;3;3;2;3;1;2;2;3;2;4;4;3;3;3;4;2;2;2;4;"Multinationals";"Allowed"
2;0;5;3;2;3;1;2;1;2;3;1;1;1;2;4;4;2;3;4;4;"Immigrants";"Stopped"
2;0;4;7;2;3;1;1;2;5;3;3;1;1;1;5;4;2;3;4;4;"Multinationals";"Stopped"
4;0;6;0;2;3;1;4;3;4;2;2;1;2;2;3;3;2;2;2;3;"Multinationals";"Stopped"
4;0;4;5;2;3;2;5;5;3;3;5;4;4;3;5;3;2;4;4;4;"Immigrants";"Stopped"
5;0;4;9;2;2;2;4;4;5;5;5;4;5;1;4;9;2;4;5;1;"Multinationals";"Stopped"
4;0;5;5;2;3;2;5;3;4;2;2;2;2;3;4;3;4;5;4;4;"Immigrants";"Stopped"
2;0;5;77;2;1;1;1;5;5;1;5;1;5;2;5;3;2;3;3;3;"Multinationals";"Allowed"
4;0;6;2;2;3;1;4;4;4;2;2;2;2;2;2;4;2;3;2;4;"Multinationals";"Allowed"
2;1;6;0;2;3;1;1;1;3;2;3;2;4;2;4;5;3;4;2;4;"Immigrants";"Stopped"
4;0;1;5;2;1;2;3;4;3;3;2;2;4;3;4;3;3;3;2;4;"Immigrants";"Stopped"
2;0;5;8;2;2;1;2;2;2;2;2;2;3;2;2;2;2;2;2;5;"Immigrants";"Allowed"
4;0;6;2;2;1;1;4;4;3;2;3;2;3;1;4;5;3;4;4;4;"Multinationals";"no_response"
4;0;4;2;2;2;1;2;2;2;4;2;2;1;1;4;2;2;4;2;5;"Multinationals";"Allowed"
3;0;6;2;2;1;1;5;4;2;1;2;1;3;2;5;5;3;3;2;5;"Multinationals";"Stopped"
1;0;3;5;2;3;2;5;4;5;5;5;4;5;5;5;4;3;2;3;4;"Multinationals";"Allowed"
4;0;5;6;2;1;1;5;5;3;4;5;4;4;3;4;5;4;4;4;3;"Multinationals";"Allowed"
4;0;5;99;2;2;2;4;4;4;4;5;4;4;3;4;5;2;3;4;2;"Immigrants";"Stopped"
4;0;3;7;2;2;1;3;2;2;2;2;2;4;2;3;4;1;2;1;4;"Multinationals";"Allowed"
2;0;3;2;2;2;1;5;3;4;4;3;3;4;3;5;5;3;4;3;3;"Multinationals";"Stopped"
1;0;5;4;2;2;1;5;4;5;4;2;2;4;2;4;4;4;3;4;3;"Immigrants";"Allowed"
4;0;6;0;2;1;2;5;4;3;2;2;3;3;3;3;3;2;5;3;4;"Multinationals";"Stopped"
1;0;6;7;2;2;1;2;3;4;4;4;4;4;4;1;2;2;3;2;4;"Multinationals";"Allowed"
9;0;3;5;2;2;1;4;4;4;4;4;3;4;3;4;4;3;3;4;4;"Immigrants";"Allowed"
2;0;4;5;2;2;1;2;2;4;2;2;1;4;1;4;3;2;4;4;5;"Immigrants";"Stopped"
2;0;5;7;2;3;2;1;1;2;2;4;3;2;2;2;2;2;2;1;4;"Multinationals";"Stopped"
2;0;6;4;2;3;2;4;2;3;2;3;2;2;2;5;4;1;2;1;4;"Immigrants";"Stopped"
4;0;6;6;2;1;1;4;4;4;3;4;4;4;4;3;4;4;4;4;4;"Multinationals";"Stopped"
2;0;5;5;2;3;2;5;5;4;4;5;5;2;2;4;1;3;5;5;2;"Multinationals";"Stopped"
4;0;4;7;2;2;2;4;4;4;3;3;3;4;3;4;3;2;5;3;3;"Immigrants";"Stopped"
2;0;6;8;2;2;2;2;2;2;2;2;1;2;2;4;4;4;4;2;4;"Multinationals";"Allowed"
4;0;4;4;2;1;2;5;4;4;3;2;2;3;3;4;3;4;3;3;4;"Immigrants";"Stopped"
2;0;3;7;2;3;1;2;2;2;2;2;2;2;1;4;4;2;2;1;5;"Immigrants";"Allowed"
2;0;5;5;2;1;1;4;3;3;3;3;2;3;3;3;3;4;4;3;3;"Immigrants";"Stopped"
4;0;2;0;2;2;1;4;3;3;4;3;3;4;4;3;3;4;3;3;4;"Immigrants";"Stopped"
3;0;3;0;2;3;2;4;3;4;3;3;3;3;3;4;3;2;1;2;3;"Multinationals";"Stopped"
4;0;4;8;2;2;1;2;2;2;2;2;2;2;1;2;2;2;4;5;3;"Multinationals";"Allowed"
1;0;4;5;2;3;1;7;4;3;5;5;5;5;5;4;5;NA;NA;NA;NA;"Multinationals";"Allowed"
3;0;1;9;2;NA;2;2;5;2;4;3;2;4;4;1;4;2;2;7;4;"Immigrants";"Stopped"
4;1;6;6;2;1;2;2;2;2;4;2;2;2;2;4;4;2;2;2;4;"Immigrants";"Allowed"
2;0;5;3;2;3;2;4;3;2;4;4;3;3;4;4;5;2;2;2;4;"Multinationals";"Allowed"
2;0;6;7;2;3;1;2;2;4;2;3;2;2;2;4;3;2;3;3;4;"Multinationals";"Stopped"
1;0;6;5;2;2;1;4;4;4;1;1;2;2;2;4;2;5;4;4;1;"Immigrants";"Allowed"
2;0;4;4;2;3;2;4;3;4;2;3;2;2;2;5;5;2;1;2;4;"Immigrants";"Stopped"
5;0;4;7;2;3;1;2;3;4;2;3;2;2;2;4;1;2;3;4;4;"Multinationals";"Allowed"
3;0;5;5;2;2;2;4;3;3;4;3;3;3;3;4;4;2;3;2;4;"Multinationals";"Allowed"
2;0;3;6;2;3;1;1;1;2;4;4;4;5;1;4;4;3;4;3;4;"Multinationals";"Allowed"
2;0;2;5;2;2;2;3;3;2;3;4;4;4;3;3;4;2;2;2;3;"Multinationals";"Stopped"
4;0;5;6;2;3;2;3;3;4;2;2;2;1;1;2;4;4;4;4;2;"Immigrants";"Stopped"
2;0;6;4;2;3;2;4;5;4;3;4;4;4;2;3;5;2;2;2;4;"Multinationals";"Stopped"
5;0;4;5;2;1;2;5;5;5;4;4;4;4;4;5;5;5;5;5;2;"Immigrants";"Allowed"
3;0;2;5;2;2;1;3;2;4;4;2;2;3;2;5;4;3;2;2;3;"Immigrants";"Stopped"
3;0;6;2;2;1;2;4;4;4;3;3;2;3;2;4;5;3;4;4;4;"Multinationals";"Stopped"
2;0;2;4;2;3;1;2;2;2;2;2;2;2;2;5;2;2;2;2;4;"Multinationals";"Stopped"
1;0;4;5;2;3;2;4;2;4;4;4;4;4;2;4;4;1;1;1;5;"Immigrants";"Stopped"
4;0;5;10;2;3;1;2;2;1;2;1;1;1;1;2;1;1;2;1;5;"Multinationals";"Allowed"
2;0;3;7;2;3;2;3;2;2;3;2;2;2;2;4;3;2;2;2;4;"Immigrants";"Stopped"
2;0;6;5;2;3;2;4;4;4;3;4;4;3;3;5;4;2;2;2;3;"Immigrants";"Stopped"
2;0;6;5;2;3;2;4;4;2;2;3;2;2;1;4;4;2;2;2;5;"Immigrants";"Stopped"
2;1;5;4;2;2;2;3;2;2;3;3;3;3;3;5;5;1;1;1;5;"Immigrants";"Allowed"
4;0;6;5;2;1;1;4;4;4;4;3;2;4;2;5;4;2;3;2;4;"Immigrants";"Stopped"
5;0;6;77;2;1;2;5;4;5;3;3;3;7;7;5;5;4;4;4;3;"Immigrants";"Allowed"
5;0;2;99;2;1;1;3;4;5;5;5;5;5;7;5;5;3;3;7;7;"Immigrants";"Allowed"
4;0;6;6;2;1;1;4;3;3;3;2;2;3;3;3;3;4;5;3;4;"Immigrants";"Stopped"
2;0;5;3;2;2;1;4;5;5;1;5;1;3;1;5;5;1;3;2;4;"Immigrants";"Stopped"
3;0;6;2;2;2;2;5;5;5;1;4;3;4;3;5;3;2;3;2;5;"Multinationals";"Stopped"
4;0;3;0;2;2;2;4;4;4;3;2;1;4;3;4;5;NA;NA;NA;NA;"Multinationals";"Allowed"
5;0;6;5;2;1;1;4;4;4;4;3;3;3;2;4;4;3;3;4;4;"Multinationals";"Allowed"
5;0;6;6;2;3;1;3;3;3;4;3;4;4;4;3;3;3;2;4;4;"Multinationals";"Stopped"
1;0;1;5;2;2;1;1;1;1;3;5;5;3;3;5;5;2;2;2;4;"Multinationals";"Allowed"
3;0;5;5;2;2;2;4;5;5;4;5;5;3;2;3;1;4;5;4;4;"Immigrants";"Stopped"
2;0;4;4;2;2;2;5;5;4;2;2;2;7;2;4;5;2;3;2;4;"Multinationals";"Stopped"
2;0;5;5;2;3;1;4;4;4;4;4;2;2;2;2;2;4;4;4;4;"Multinationals";"Stopped"
2;0;6;8;2;3;1;4;2;5;2;2;2;2;2;4;2;4;4;4;3;"Immigrants";"Stopped"
2;0;4;10;2;3;1;1;1;3;2;4;3;2;2;5;4;2;2;3;5;"Immigrants";"Stopped"
4;0;3;8;2;2;2;4;4;4;4;2;3;4;2;2;3;NA;NA;NA;NA;"Immigrants";"Allowed"
4;0;6;5;2;2;1;4;4;5;2;4;2;4;2;5;4;3;4;4;3;"Multinationals";"Stopped"
2;0;4;2;2;3;1;5;4;4;2;3;2;2;3;4;4;2;2;2;4;"Immigrants";"Allowed"
1;0;3;8;2;2;2;5;5;5;1;4;5;1;4;4;2;1;4;4;4;"Multinationals";"Allowed"
1;0;6;77;2;1;2;5;4;5;3;4;1;4;3;2;3;4;3;4;2;"Immigrants";"Allowed"
3;0;2;5;2;1;1;4;3;4;3;3;3;4;3;4;3;3;3;3;3;"Immigrants";"Stopped"
2;0;5;7;2;3;1;3;2;4;3;3;2;3;1;3;4;3;2;2;4;"Multinationals";"Stopped"
5;0;4;3;2;2;1;3;2;2;2;3;2;2;2;5;4;5;5;5;2;"Multinationals";"Stopped"
3;0;5;9;2;3;2;4;4;4;2;2;2;2;2;3;4;3;3;3;4;"Multinationals";"Allowed"
4;0;6;1;2;2;1;4;5;5;4;3;3;4;3;5;5;2;4;4;2;"Immigrants";"Stopped"
2;0;3;4;2;2;2;3;2;4;3;2;2;3;2;4;4;3;2;3;4;"Immigrants";"Stopped"
2;0;6;2;2;2;1;4;5;4;4;4;4;4;3;4;5;4;2;2;4;"Immigrants";"Stopped"
4;0;5;10;2;1;1;5;5;4;2;4;2;2;3;3;3;4;4;4;2;"Multinationals";"Stopped"
2;0;6;3;2;1;2;5;5;4;4;3;2;3;2;5;7;3;2;2;4;"Immigrants";"Stopped"
2;0;4;2;2;1;2;4;4;5;4;3;3;4;2;4;5;3;3;2;4;"Multinationals";"Stopped"
4;0;1;4;2;2;1;4;3;3;4;3;3;4;3;4;3;2;2;3;4;"Multinationals";"Stopped"
3;0;6;0;2;1;1;5;5;5;4;4;3;4;3;5;5;3;4;5;4;"Immigrants";"Stopped"
3;0;5;5;2;3;2;4;4;4;3;3;3;3;3;5;3;2;2;2;4;"Immigrants";"Stopped"
1;0;5;99;2;3;2;5;5;5;3;4;3;4;2;5;5;3;4;5;2;"Immigrants";"Stopped"
4;0;5;5;2;3;1;2;2;4;3;2;2;2;2;4;4;3;2;2;4;"Multinationals";"Allowed"
3;0;3;8;2;3;1;4;3;3;5;1;4;4;1;4;4;1;1;1;5;"Multinationals";"Allowed"
2;0;1;3;2;2;2;4;4;4;2;2;2;4;4;4;3;3;2;2;3;"Multinationals";"Allowed"
4;0;2;5;2;1;2;4;4;3;2;3;2;2;2;4;4;2;4;3;3;"Multinationals";"Allowed"
2;1;5;0;2;2;2;3;2;4;4;3;3;3;3;4;5;3;3;3;4;"Multinationals";"Allowed"
2;0;6;5;2;3;2;5;4;4;5;3;4;4;3;4;4;2;3;2;4;"Immigrants";"Stopped"
5;0;5;5;2;3;2;3;3;3;2;2;1;1;1;5;3;NA;NA;NA;NA;"Immigrants";"Stopped"
2;0;5;4;2;1;1;4;5;4;4;3;2;3;4;5;4;3;4;3;2;"Multinationals";"Stopped"
3;0;5;5;2;1;1;5;4;4;3;4;3;3;3;4;5;4;4;4;4;"Immigrants";"Stopped"
2;0;5;5;2;1;2;5;5;5;2;3;2;2;2;5;5;3;3;3;3;"Immigrants";"Stopped"
1;0;3;5;2;2;1;5;4;5;4;2;4;2;5;4;1;4;5;4;3;"Multinationals";"Stopped"
4;0;6;3;2;1;1;4;5;4;5;4;3;4;3;5;3;4;5;4;5;"Multinationals";"Allowed"
4;0;6;4;2;1;2;5;4;5;4;3;2;4;2;4;2;4;3;4;3;"Multinationals";"Stopped"
3;1;5;3;2;3;1;3;1;4;2;2;2;2;2;4;5;1;3;3;4;"Multinationals";"Stopped"
1;0;2;0;2;2;1;2;3;3;4;3;3;2;3;3;3;4;3;3;3;"Multinationals";"Stopped"
3;0;6;5;2;1;2;3;3;4;3;2;3;3;3;4;3;3;3;3;4;"Immigrants";"Stopped"
5;0;6;0;2;1;2;4;3;4;4;3;3;4;4;3;4;4;3;3;4;"Multinationals";"Stopped"
2;0;3;6;2;3;1;2;2;4;2;3;2;3;2;3;4;3;2;2;4;"Multinationals";"Allowed"
2;0;6;5;2;1;2;5;5;5;2;2;2;2;2;4;5;4;4;4;2;"Multinationals";"Stopped"
2;0;3;6;2;2;1;4;4;4;3;4;3;3;3;2;3;3;4;5;3;"Immigrants";"Stopped"
2;1;5;8;2;2;1;5;4;1;2;2;2;1;2;5;4;1;3;2;4;"Immigrants";"Stopped"
3;0;2;5;2;2;2;3;4;4;3;4;3;3;3;4;4;2;3;2;4;"Immigrants";"Allowed"
3;0;2;4;2;1;1;2;2;2;2;2;3;2;2;5;3;4;4;3;3;"Multinationals";"Allowed"
3;0;6;99;2;1;2;5;5;5;3;3;4;2;4;3;3;3;2;4;2;"Immigrants";"Stopped"
5;0;2;3;2;2;1;4;3;2;4;2;3;2;3;4;4;2;2;2;2;"Multinationals";"Stopped"
4;0;2;7;2;2;1;4;4;3;4;3;4;3;3;3;4;2;3;3;4;"Immigrants";"Stopped"
4;0;3;7;2;3;2;3;4;4;4;4;3;4;4;4;4;3;4;4;4;"Immigrants";"Stopped"
4;0;4;4;2;2;1;4;4;5;5;4;5;4;4;5;5;4;4;4;4;"Multinationals";"Stopped"
4;0;5;77;2;1;1;4;4;2;5;5;4;5;5;4;3;4;4;2;2;"Immigrants";"Stopped"
4;0;3;8;2;1;2;4;4;4;4;4;5;3;4;4;3;NA;NA;NA;NA;"Immigrants";"Stopped"
5;0;3;8;2;3;2;3;4;3;5;4;3;3;4;7;3;5;3;4;4;"Multinationals";"Stopped"
4;0;6;5;2;2;2;5;5;5;2;3;4;2;3;3;4;4;4;3;3;"Immigrants";"Stopped"
4;0;4;77;2;3;1;4;3;3;4;4;4;4;4;2;4;4;4;4;3;"Multinationals";"Stopped"
4;0;5;8;2;2;1;2;2;2;4;3;4;3;3;2;4;2;2;2;2;"Multinationals";"Stopped"
4;0;2;77;2;3;1;4;4;4;4;4;3;3;4;4;4;4;3;2;5;"Immigrants";"Stopped"
2;0;5;7;2;2;1;2;2;4;2;4;2;3;3;4;4;3;3;3;4;"Multinationals";"Allowed"
2;0;1;0;2;2;1;3;3;2;5;5;4;4;3;5;3;1;2;1;5;"Multinationals";"Allowed"
2;0;2;5;2;2;1;5;2;5;2;3;2;4;2;4;4;2;3;2;5;"Immigrants";"Allowed"
3;0;2;5;2;2;1;3;4;4;3;4;2;4;1;4;3;3;5;4;3;"Immigrants";"Stopped"
2;0;4;5;2;1;1;4;4;4;3;4;3;4;2;5;4;2;3;2;4;"Immigrants";"Stopped"
2;0;4;7;2;3;1;2;2;4;2;3;2;2;4;2;2;2;4;4;4;"Multinationals";"Stopped"
4;1;6;0;2;2;1;3;4;3;3;4;3;4;3;5;5;3;2;3;4;"Multinationals";"Allowed"
4;0;6;10;2;1;1;2;2;2;2;4;4;4;4;2;5;4;4;4;2;"Immigrants";"Allowed"
2;1;5;7;2;1;1;4;4;4;3;3;3;2;2;4;4;3;4;4;2;"Multinationals";"Stopped"
2;0;6;7;2;1;1;4;4;4;2;2;2;4;2;2;4;4;1;1;4;"Immigrants";"Stopped"
4;0;6;5;2;3;2;1;2;1;2;2;2;1;2;3;4;2;2;3;4;"Multinationals";"Allowed"
2;1;2;0;2;1;2;4;2;2;2;2;2;4;2;4;2;2;2;2;4;"Multinationals";"Stopped"
4;1;6;2;2;1;1;4;4;4;4;4;4;4;4;4;4;3;4;4;3;"Multinationals";"Stopped"
4;0;6;5;2;2;2;4;5;4;3;2;2;4;1;4;2;2;3;2;4;"Immigrants";"Stopped"
3;0;3;5;2;1;1;2;3;4;4;4;4;4;3;5;5;3;4;4;4;"Multinationals";"Allowed"
2;0;5;5;2;2;1;2;2;5;3;2;2;4;3;2;4;4;3;2;4;"Immigrants";"Stopped"
4;0;4;5;2;3;2;4;4;3;3;4;3;4;4;5;5;3;3;2;4;"Multinationals";"Allowed"
2;1;4;4;2;3;2;3;2;2;4;4;4;4;4;4;4;2;2;3;4;"Immigrants";"Stopped"
4;0;2;7;2;3;1;2;2;4;2;2;1;2;2;3;2;1;3;2;4;"Immigrants";"Stopped"
2;0;6;2;2;3;2;2;2;3;3;4;2;2;2;4;4;2;2;2;4;"Multinationals";"Allowed"
3;0;5;8;2;3;1;2;2;2;2;3;2;2;3;2;1;3;3;4;4;"Immigrants";"Allowed"
3;0;2;4;2;3;2;2;3;3;4;4;4;4;2;4;4;2;2;2;4;"Immigrants";"Stopped"
5;0;3;5;2;3;2;2;2;2;5;5;4;2;1;5;5;2;2;2;4;"Immigrants";"Stopped"
3;0;4;7;2;2;1;4;2;4;4;2;2;4;3;4;4;3;3;3;3;"Immigrants";"Stopped"
5;0;5;7;2;1;1;5;4;4;5;4;2;1;2;5;5;1;2;5;4;"Immigrants";"Allowed"
5;0;5;5;2;2;1;4;1;5;4;5;5;5;2;5;3;3;1;5;5;"Immigrants";"Stopped"
3;0;3;5;2;2;1;5;4;1;3;3;2;3;3;5;3;3;3;3;3;"Immigrants";"Stopped"
3;0;6;7;2;3;2;2;3;5;1;4;1;1;2;1;4;1;3;1;5;"Immigrants";"Stopped"
2;0;6;8;2;2;2;3;3;4;2;3;2;2;2;4;4;4;4;4;3;"Multinationals";"Stopped"
2;0;6;3;2;3;2;2;2;3;2;2;2;2;2;5;5;2;2;3;5;"Immigrants";"Allowed"
4;0;1;8;2;3;1;2;3;2;2;2;2;2;1;3;2;2;2;1;5;"Immigrants";"Allowed"
4;0;6;7;2;2;2;5;5;4;2;3;2;3;2;4;2;4;4;2;4;"Immigrants";"Stopped"
2;0;4;8;2;2;1;3;4;3;2;2;2;3;2;4;5;3;2;2;4;"Immigrants";"Stopped"
4;0;5;5;2;3;2;2;2;2;1;1;1;3;2;4;3;2;2;2;4;"Multinationals";"Stopped"
4;0;4;3;2;2;1;2;2;2;3;3;3;3;3;2;4;NA;NA;NA;NA;"Immigrants";"Stopped"
4;7;1;4;2;2;1;4;3;3;3;3;4;3;4;4;4;2;4;2;3;"Multinationals";"Stopped"
4;0;6;8;2;1;2;4;4;4;3;4;3;3;4;3;3;4;4;3;4;"Immigrants";"Stopped"
4;0;2;5;2;3;2;4;4;4;2;4;4;3;4;4;4;1;1;3;4;"Immigrants";"no_response"
4;0;3;7;2;3;2;3;3;3;4;3;4;4;3;5;4;4;1;4;5;"Multinationals";"Stopped"
4;7;3;4;2;2;1;4;4;3;4;3;5;4;4;4;3;NA;NA;NA;NA;"Immigrants";"Stopped"
4;0;3;5;2;3;2;4;4;2;4;4;3;4;4;7;3;2;2;3;2;"Immigrants";"Stopped"
4;0;4;3;2;1;2;4;3;3;4;3;4;3;3;4;3;NA;NA;NA;NA;"Multinationals";"no_response"
4;0;5;5;2;2;1;4;3;4;4;3;4;4;3;4;4;4;4;4;4;"Immigrants";"Stopped"
3;7;3;7;2;1;1;4;3;3;4;3;4;4;3;4;4;NA;NA;NA;NA;"Multinationals";"Allowed"
3;0;3;99;2;3;2;4;3;4;3;4;3;4;4;2;4;3;3;5;4;"Immigrants";"Stopped"
4;0;3;5;2;2;1;4;3;4;4;4;5;3;4;4;3;NA;NA;NA;NA;"Multinationals";"Stopped"
1;0;2;0;2;2;2;5;5;5;5;5;5;5;5;5;5;4;2;1;5;"Immigrants";"Stopped"
4;0;5;4;2;3;1;2;2;2;4;3;4;2;3;4;2;2;2;2;4;"Immigrants";"Allowed"
3;0;4;7;2;3;1;1;3;3;4;3;2;2;1;2;5;1;1;2;5;"Multinationals";"Allowed"
4;0;6;5;2;3;1;3;2;2;4;4;2;3;2;4;4;2;2;2;4;"Immigrants";"Stopped"
2;0;3;4;2;3;1;2;2;1;1;4;4;4;1;4;4;2;3;2;5;"Immigrants";"Stopped"
3;0;5;5;2;2;2;2;2;4;3;2;2;2;2;2;2;2;2;2;4;"Immigrants";"Stopped"
4;0;3;5;2;NA;2;1;2;2;3;4;2;2;2;5;4;3;3;2;5;"Immigrants";"Stopped"
3;0;2;3;2;3;2;3;3;3;5;5;3;3;3;5;5;2;1;1;4;"Multinationals";"Allowed"
2;0;4;5;2;3;1;3;3;2;2;4;3;4;3;5;4;1;2;2;4;"Multinationals";"Stopped"
3;0;6;4;2;3;2;2;3;2;2;3;2;2;2;4;4;2;2;2;5;"Immigrants";"Stopped"
3;0;1;3;2;3;1;3;1;4;5;3;5;4;3;3;5;1;1;1;5;"Multinationals";"Allowed"
1;0;1;0;2;1;1;2;2;3;2;2;2;3;1;5;5;1;2;2;5;"Immigrants";"Stopped"
1;0;4;5;2;3;2;2;2;3;2;3;1;1;2;4;4;1;3;1;5;"Immigrants";"Stopped"
2;0;2;3;2;3;2;3;2;2;3;4;2;3;2;4;4;2;2;1;5;"Immigrants";"Stopped"
2;0;5;2;2;2;1;2;5;5;4;5;2;5;2;5;4;2;3;4;4;"Multinationals";"Allowed"
4;0;1;5;2;1;2;4;3;4;4;3;3;2;2;3;2;2;4;2;4;"Immigrants";"Allowed"
2;0;3;5;2;3;1;2;2;2;3;3;3;3;2;2;4;2;2;3;4;"Immigrants";"Stopped"
2;0;3;6;2;3;1;4;4;2;2;2;1;2;2;2;2;1;1;1;5;"Immigrants";"Stopped"
4;0;5;4;2;3;2;5;3;3;3;3;3;3;3;5;4;2;4;2;4;"Immigrants";"Stopped"
2;0;3;4;2;3;2;1;1;2;2;2;2;2;2;3;4;1;1;1;5;"Immigrants";"Stopped"
3;0;6;4;2;NA;1;3;4;4;3;4;3;3;3;4;4;3;4;4;4;"Immigrants";"Allowed"
2;0;6;8;2;3;1;2;2;2;4;4;4;1;2;1;1;2;2;3;5;"Multinationals";"Allowed"
3;0;5;8;2;3;2;3;3;3;2;2;2;2;2;2;2;3;3;3;3;"Immigrants";"Stopped"
2;0;5;4;2;3;2;2;2;2;2;2;1;1;1;4;5;2;2;2;4;"Multinationals";"Stopped"
4;0;5;NA;2;3;2;NA;NA;NA;5;5;3;5;5;2;5;3;3;5;2;"Multinationals";"Allowed"
2;0;4;7;2;3;1;1;2;1;2;3;1;1;1;4;2;2;2;2;4;"Immigrants";"Stopped"
3;0;6;4;2;3;2;3;3;4;3;3;2;3;2;5;5;3;3;4;4;"Immigrants";"Stopped"
1;0;3;0;2;3;1;1;1;4;3;3;1;1;1;4;5;NA;NA;NA;NA;"Multinationals";"Allowed"
2;0;4;3;2;2;2;5;3;4;3;3;3;3;2;5;5;2;2;2;5;"Immigrants";"Stopped"
1;NA;6;NA;2;NA;2;4;5;4;3;1;2;1;1;4;5;3;5;5;2;"Immigrants";"Stopped"
4;0;6;7;2;1;2;3;2;2;2;4;2;4;4;5;5;2;2;2;4;"Multinationals";"Stopped"
3;0;3;5;2;2;1;3;3;4;4;4;3;4;3;4;5;3;3;3;3;"Multinationals";"Allowed"
2;0;4;3;2;3;1;2;2;3;2;3;2;2;1;3;3;2;2;2;4;"Multinationals";"Stopped"
2;0;5;5;2;2;2;3;2;3;2;3;2;3;2;2;5;2;3;3;3;"Immigrants";"Stopped"
4;0;5;4;2;1;2;4;4;5;4;5;4;5;4;5;5;4;5;5;4;"Immigrants";"Allowed"
1;0;4;5;2;2;2;4;4;5;3;5;3;5;3;5;5;5;5;5;3;"Immigrants";"Allowed"
4;0;5;2;2;3;1;3;2;3;4;5;2;4;3;4;5;2;4;4;2;"Multinationals";"Allowed"
2;0;6;7;2;3;2;3;3;3;1;2;1;1;2;2;2;2;3;2;4;"Multinationals";"Allowed"
4;0;3;5;2;3;2;3;4;5;5;5;5;3;2;5;5;2;4;2;4;"Immigrants";"Allowed"
4;0;4;5;2;3;2;4;4;3;4;3;3;3;3;5;5;3;3;3;4;"Multinationals";"Allowed"
2;0;2;0;2;3;2;2;2;1;4;3;3;2;2;5;4;1;1;1;5;"Immigrants";"Stopped"
3;0;6;3;2;3;1;2;2;3;2;2;2;2;1;4;3;2;2;3;4;"Multinationals";"Allowed"
2;0;5;NA;2;2;2;5;NA;NA;5;NA;NA;NA;NA;NA;NA;1;NA;NA;NA;"Multinationals";"Allowed"
3;0;5;8;2;3;2;2;3;5;3;2;2;3;2;3;1;3;3;2;3;"Multinationals";"Stopped"
2;0;4;0;2;1;1;4;3;3;4;4;4;4;3;5;4;NA;NA;NA;NA;"Immigrants";"Stopped"
1;0;5;0;2;NA;2;3;4;3;3;3;2;3;2;4;5;1;3;2;4;"Multinationals";"Allowed"
5;0;5;5;2;3;1;NA;NA;NA;5;5;5;5;5;NA;4;3;4;4;2;"Immigrants";"Allowed"
2;0;5;5;2;NA;1;2;3;4;4;2;3;3;2;5;4;2;3;4;3;"Immigrants";"Stopped"
2;0;5;5;2;3;2;4;4;5;4;4;3;3;4;1;4;5;5;5;4;"Immigrants";"Stopped"
1;0;3;8;2;3;2;2;2;2;1;1;1;1;1;3;2;2;3;3;4;"Multinationals";"Allowed"
2;1;5;5;2;1;1;2;2;4;3;3;2;2;2;3;4;1;1;1;5;"Immigrants";"Stopped"
5;0;3;8;2;3;1;1;1;3;2;1;1;1;1;5;2;1;1;1;4;"Immigrants";"Stopped"
5;0;2;7;2;3;1;4;3;3;4;4;4;4;2;1;5;2;2;4;4;"Immigrants";"Allowed"
2;0;5;8;2;2;2;2;2;4;2;2;2;3;2;3;2;2;4;5;2;"Multinationals";"Allowed"
5;0;1;7;2;2;1;2;2;1;2;5;1;2;1;4;5;5;2;3;2;"Multinationals";"Allowed"
2;0;1;8;2;3;1;1;2;1;1;1;1;1;1;1;1;2;1;1;4;"Multinationals";"Stopped"
1;0;2;7;2;3;2;3;1;4;5;5;5;5;2;4;1;2;2;4;4;"Immigrants";"Allowed"
2;0;6;4;2;3;1;2;2;4;1;1;1;2;1;4;2;1;3;2;4;"Multinationals";"Allowed"
2;0;5;8;2;3;1;2;2;3;4;3;2;3;2;4;4;2;3;2;3;"Multinationals";"Allowed"
1;0;5;3;2;2;2;3;3;4;3;3;3;3;3;3;4;NA;NA;NA;NA;"Immigrants";"Stopped"
2;0;2;5;2;3;1;2;1;3;3;3;2;2;2;4;3;1;2;1;5;"Multinationals";"Allowed"
5;0;3;2;2;3;1;2;2;3;3;3;2;1;1;4;4;1;1;1;4;"Immigrants";"Allowed"
1;0;3;2;2;3;2;2;3;3;3;3;3;3;2;5;5;1;2;1;5;"Immigrants";"Allowed"
5;0;4;5;2;2;2;5;5;5;5;5;5;5;5;5;5;2;3;3;3;"Multinationals";"Allowed"
5;NA;5;5;2;1;2;4;2;4;4;2;2;5;1;5;5;3;5;2;4;"Immigrants";"Stopped"
3;0;1;4;2;2;2;4;4;4;3;4;3;3;3;5;4;3;3;3;5;"Multinationals";"Allowed"
2;0;3;7;2;2;1;3;3;3;2;3;2;3;3;4;4;2;3;4;3;"Immigrants";"Stopped"
4;0;2;5;2;2;1;4;4;4;4;4;4;4;4;4;4;2;4;3;4;"Multinationals";"Allowed"
3;0;4;0;2;3;2;4;4;4;4;4;4;3;3;5;4;2;3;3;4;"Multinationals";"Allowed"
5;0;5;3;2;3;2;1;1;1;5;3;1;1;3;4;4;3;3;1;5;"Immigrants";"Stopped"
3;0;1;5;2;1;1;3;2;4;3;3;3;3;3;5;3;3;5;3;4;"Multinationals";"Allowed"
2;0;6;5;2;1;2;4;4;4;4;3;4;3;2;4;3;2;4;5;2;"Immigrants";"Stopped"
2;0;3;5;2;3;1;1;1;3;3;3;NA;1;1;5;5;1;1;1;4;"Immigrants";"Stopped"
2;0;2;6;2;3;1;4;4;4;3;4;3;3;3;2;2;2;3;2;4;"Multinationals";"Stopped"
2;0;2;2;2;3;2;4;4;4;4;4;3;4;2;4;4;1;1;1;5;"Immigrants";"Stopped"
2;0;2;4;2;2;1;4;2;4;4;4;4;4;4;5;4;3;3;3;3;"Multinationals";"Allowed"
3;0;6;10;2;1;2;5;5;5;5;5;3;5;3;5;3;3;3;5;3;"Multinationals";"Allowed"
5;0;5;3;2;2;2;3;4;5;5;5;5;2;3;3;5;3;4;5;3;"Immigrants";"Stopped"
3;0;4;5;2;3;2;5;5;4;1;1;1;1;1;5;3;3;4;3;5;"Multinationals";"Allowed"
3;0;6;5;2;1;1;4;4;4;2;3;2;3;3;5;3;4;4;4;3;"Immigrants";"Allowed"
2;0;3;0;2;3;1;3;4;3;3;2;2;3;2;5;3;3;3;3;3;"Multinationals";"Stopped"
5;0;2;0;2;3;2;5;4;4;4;4;2;4;2;4;5;2;2;2;4;"Multinationals";"Allowed"
4;0;1;8;2;3;1;2;3;4;2;3;2;2;1;2;4;2;2;4;4;"Multinationals";"Allowed"
2;0;1;5;2;1;2;4;4;4;3;4;3;2;2;4;4;1;1;1;5;"Immigrants";"Stopped"
4;0;4;6;2;3;1;1;1;4;4;1;1;2;1;2;2;3;4;4;3;"Immigrants";"Allowed"
4;1;6;5;2;1;1;3;4;4;3;3;3;4;3;4;4;4;5;5;4;"Multinationals";"Allowed"
2;0;3;4;2;2;1;4;4;5;5;5;5;5;5;3;5;2;4;3;4;"Multinationals";"Allowed"
2;1;2;4;2;2;1;2;2;2;4;3;2;2;2;4;3;2;3;2;4;"Multinationals";"Allowed"
5;0;3;5;2;2;2;5;5;5;5;5;5;5;3;5;5;2;3;2;4;"Immigrants";"Allowed"
3;0;1;9;2;3;1;2;2;4;5;2;3;2;2;3;3;3;2;3;3;"Multinationals";"Allowed"
4;0;4;6;2;1;1;5;2;4;2;2;2;2;2;1;4;4;4;4;2;"Immigrants";"Allowed"
2;0;3;6;2;3;1;2;4;NA;2;2;2;3;2;4;2;2;3;2;4;"Immigrants";"Stopped"
2;0;4;4;2;3;2;2;2;5;5;5;5;5;4;5;4;1;2;4;4;"Multinationals";"Allowed"
4;0;2;8;2;3;1;4;4;5;4;5;5;3;5;3;3;1;4;3;4;"Immigrants";"Stopped"
4;0;2;4;2;3;1;3;2;2;2;4;2;2;2;5;4;1;1;1;5;"Immigrants";"Stopped"
2;0;1;5;2;2;1;2;3;2;5;5;5;5;5;3;5;1;1;1;5;"Immigrants";"Allowed"
3;0;2;10;2;2;1;3;1;4;3;3;3;4;2;4;2;3;3;5;4;"Multinationals";"Stopped"
4;0;1;5;2;1;2;5;4;4;3;2;2;2;2;3;1;3;4;2;4;"Immigrants";"Stopped"
3;0;3;4;2;3;1;3;2;4;3;4;2;3;2;4;4;2;3;4;3;"Immigrants";"Allowed"
4;0;5;8;2;2;1;4;4;4;4;4;3;4;3;5;4;4;5;3;4;"Multinationals";"Stopped"
1;0;6;7;2;3;2;2;2;3;2;4;3;3;2;2;2;2;4;4;4;"Immigrants";"Stopped"
3;0;2;6;2;3;2;4;5;4;3;3;3;3;3;4;4;2;3;2;4;"Immigrants";"Allowed"
3;0;6;6;2;3;2;3;3;4;3;4;3;4;3;4;5;3;4;4;5;"Multinationals";"Allowed"
3;0;1;5;2;3;1;3;4;4;3;2;1;3;1;5;3;2;3;3;4;"Multinationals";"Allowed"
4;0;3;7;2;3;2;2;1;2;NA;NA;NA;NA;NA;3;NA;1;2;2;4;"Immigrants";"Allowed"
2;0;4;6;2;2;1;4;2;1;4;4;2;3;2;5;NA;2;3;2;4;"Multinationals";"Allowed"
2;0;3;8;2;2;1;3;3;1;4;4;4;4;4;5;4;3;4;4;3;"Immigrants";"Allowed"
4;0;3;4;1;3;2;1;2;2;2;2;2;1;4;4;4;2;2;1;5;"Immigrants";"Allowed"
2;0;2;4;1;3;2;2;2;2;2;1;1;2;3;4;3;2;3;3;4;"Immigrants";"Stopped"
2;0;6;8;1;1;2;4;4;5;3;4;4;5;3;2;2;2;2;2;3;"Immigrants";"Stopped"
2;0;2;3;1;3;2;5;2;3;1;1;1;1;1;4;3;1;1;1;4;"Multinationals";"Stopped"
4;0;5;5;1;2;2;2;4;2;4;1;2;2;2;4;3;2;2;2;4;"Immigrants";"Stopped"
2;0;6;5;1;1;1;2;2;3;2;4;2;2;4;4;5;2;4;3;3;"Immigrants";"Allowed"
4;0;6;5;1;3;1;4;4;2;2;2;2;2;2;4;4;2;2;2;4;"Immigrants";"Allowed"
2;0;4;7;1;1;1;4;5;4;2;4;3;3;2;3;4;2;4;2;4;"Multinationals";"Stopped"
2;0;6;77;1;1;2;5;4;4;2;2;1;2;4;4;4;3;4;4;2;"Multinationals";"Stopped"
2;0;6;77;1;NA;2;5;5;5;7;2;3;7;2;4;4;3;2;7;7;"Immigrants";"Stopped"
2;0;5;0;1;3;2;2;2;3;3;4;3;2;3;5;5;2;2;2;4;"Immigrants";"Stopped"
4;0;6;3;1;1;2;5;5;5;4;4;4;4;4;5;4;4;5;5;4;"Multinationals";"Stopped"
2;1;4;5;1;2;2;4;4;4;2;2;3;4;4;4;5;4;4;3;3;"Multinationals";"Allowed"
4;0;6;5;1;1;2;2;2;4;3;3;3;4;3;3;5;2;3;3;4;"Multinationals";"Allowed"
2;0;3;5;1;3;2;3;2;2;3;3;2;2;2;1;3;2;3;2;4;"Multinationals";"Allowed"
2;0;4;5;1;2;2;4;3;4;4;4;4;4;7;4;4;3;4;2;4;"Immigrants";"Stopped"
7;0;6;77;1;3;2;3;4;4;3;3;3;2;7;7;4;2;3;3;4;"Immigrants";"Stopped"
3;0;5;5;1;1;1;3;2;2;1;1;1;1;1;4;3;2;3;5;3;"Immigrants";"Stopped"
2;1;6;5;1;3;1;2;2;2;2;2;2;2;2;3;5;1;2;1;5;"Immigrants";"no_response"
2;0;1;5;1;3;1;7;2;2;2;3;2;2;3;4;4;2;3;2;4;"Multinationals";"Allowed"
2;0;3;6;1;3;1;2;2;2;2;3;2;3;2;2;4;3;3;2;4;"Multinationals";"Allowed"
2;0;6;7;1;1;2;3;3;4;2;7;2;3;3;4;5;7;9;3;4;"Immigrants";"Stopped"
2;1;6;5;1;1;2;4;2;2;2;2;2;2;2;5;5;3;4;4;2;"Immigrants";"Stopped"
2;0;5;6;1;3;1;2;2;2;2;2;2;2;2;2;3;2;2;3;4;"Multinationals";"Allowed"
2;0;6;2;1;3;1;2;2;2;9;2;4;2;2;5;5;1;1;1;5;"Immigrants";"Stopped"
4;0;3;3;1;3;1;3;2;2;3;4;2;2;2;4;5;1;2;2;5;"Multinationals";"no_response"
3;0;1;4;1;3;1;3;2;2;2;4;2;2;3;4;3;2;2;2;4;"Multinationals";"Allowed"
4;0;2;2;1;3;2;2;2;3;4;3;2;1;2;4;4;1;1;1;5;"Multinationals";"Allowed"
3;0;4;4;1;3;2;2;2;2;4;3;3;3;2;5;5;1;2;2;4;"Multinationals";"Allowed"
4;0;5;5;1;1;2;4;3;2;2;3;3;3;2;5;4;3;4;3;3;"Immigrants";"Stopped"
2;0;2;2;1;3;2;3;2;3;3;4;3;2;3;5;3;1;2;2;4;"Immigrants";"Stopped"
2;0;2;5;1;2;2;4;4;4;3;3;3;3;3;3;4;NA;NA;NA;NA;"Immigrants";"Stopped"
4;1;6;1;1;NA;1;5;5;4;3;4;4;4;1;4;4;NA;NA;NA;NA;"Immigrants";"Allowed"
2;0;2;6;1;2;1;2;2;2;2;3;3;2;2;2;3;2;3;2;3;"Immigrants";"Stopped"
3;1;6;3;1;3;1;4;2;4;3;3;2;3;2;2;5;3;4;4;3;"Multinationals";"Stopped"
4;0;3;7;1;3;1;2;2;4;2;2;2;1;2;2;4;2;3;2;4;"Multinationals";"Allowed"
4;0;6;6;1;1;2;5;4;5;3;3;2;3;2;3;3;3;4;4;3;"Multinationals";"Stopped"
4;0;6;6;1;1;1;4;2;4;5;5;5;4;5;2;4;NA;NA;NA;NA;"Immigrants";"Allowed"
9;0;2;1;1;2;1;4;4;4;1;2;1;2;2;3;4;1;1;1;4;"Immigrants";"Allowed"
3;0;5;5;1;3;1;5;5;5;3;5;5;5;3;5;5;5;5;5;3;"Multinationals";"no_response"
5;0;1;7;1;2;1;4;4;4;5;4;4;4;4;4;5;2;4;2;4;"Immigrants";"Stopped"
2;0;6;99;1;1;2;4;5;4;9;2;2;2;2;4;4;2;2;2;4;"Immigrants";"Stopped"
2;0;4;3;1;3;2;2;2;2;2;2;2;2;2;4;4;2;4;2;4;"Multinationals";"Stopped"
2;0;6;99;1;3;2;4;3;2;7;7;7;7;7;9;9;2;2;2;2;"Immigrants";"Stopped"
4;0;5;5;1;3;1;2;2;4;2;2;4;2;2;2;4;NA;NA;NA;NA;"Immigrants";"Stopped"
2;0;6;6;1;1;1;4;4;4;3;3;3;2;3;4;2;3;3;3;2;"Multinationals";"Allowed"
4;0;6;6;1;1;2;4;4;4;2;2;2;4;4;2;4;4;4;4;4;"Multinationals";"Stopped"
2;0;5;5;1;2;1;2;2;2;2;2;2;2;2;5;2;2;2;4;2;"Immigrants";"Stopped"
4;0;1;2;1;2;1;4;5;2;2;2;2;4;2;3;4;2;2;2;4;"Immigrants";"Stopped"
4;0;6;7;1;1;2;2;4;2;5;5;5;5;5;5;4;5;4;4;4;"Immigrants";"Stopped"
2;0;6;1;1;1;2;4;4;1;4;4;2;4;4;5;5;1;1;2;4;"Immigrants";"Stopped"
1;0;5;5;1;1;1;3;2;3;4;3;3;3;3;4;4;2;2;2;4;"Immigrants";"Stopped"
2;0;6;0;1;3;1;4;2;2;3;2;2;2;1;5;5;1;1;1;5;"Multinationals";"Allowed"
2;0;6;7;1;3;1;4;2;2;2;2;2;2;2;2;2;2;3;4;1;"Multinationals";"Allowed"
4;0;3;5;1;2;1;2;2;3;2;3;3;2;1;4;3;2;2;2;4;"Multinationals";"Allowed"
4;0;3;1;1;3;2;3;2;4;2;3;2;2;2;2;3;2;2;2;4;"Multinationals";"Allowed"
2;0;1;7;1;3;2;4;2;2;2;2;2;4;2;3;2;2;4;4;4;"Multinationals";"Allowed"
3;0;4;5;1;3;2;2;1;2;2;2;2;2;2;4;5;2;3;2;4;"Multinationals";"Allowed"
2;0;1;3;1;2;2;4;3;2;4;4;3;3;2;3;7;2;3;4;4;"Immigrants";"Stopped"
4;0;6;3;1;1;2;5;5;5;4;5;5;5;5;4;5;4;4;4;5;"Multinationals";"Allowed"
1;0;6;5;1;2;2;5;3;3;1;4;2;3;2;4;2;3;5;5;3;"Multinationals";"Allowed"
4;0;3;6;1;3;2;2;2;3;2;3;2;2;2;3;5;2;4;2;4;"Multinationals";"Allowed"
2;0;4;5;1;2;1;5;5;4;2;2;3;2;2;4;4;2;2;4;2;"Multinationals";"Allowed"
2;1;6;4;1;3;1;3;2;2;2;2;4;4;2;4;4;2;4;4;3;"Immigrants";"Stopped"
1;0;6;10;1;1;1;4;2;5;4;4;2;5;2;2;2;4;5;4;2;"Immigrants";"Allowed"
5;0;5;5;1;2;2;5;5;5;4;4;4;4;3;5;4;2;2;4;2;"Multinationals";"Stopped"
2;0;6;7;1;3;1;2;3;2;2;2;2;2;2;2;2;2;3;2;4;"Multinationals";"Stopped"
2;0;6;5;1;NA;1;2;2;4;2;2;4;2;2;7;4;3;4;4;2;"Immigrants";"Stopped"
4;1;4;5;1;1;1;3;2;3;2;2;2;2;2;4;3;2;4;3;4;"Multinationals";"Allowed"
2;0;6;5;1;3;1;2;2;2;4;4;2;3;2;5;5;4;4;2;2;"Immigrants";"Stopped"
2;0;6;5;1;1;1;4;4;4;4;4;2;3;2;4;4;5;5;5;1;"Multinationals";"Allowed"
3;0;4;4;1;2;2;4;5;4;4;2;4;5;2;3;2;3;1;5;1;"Multinationals";"Allowed"
2;0;3;5;1;1;2;4;2;2;5;5;3;4;2;4;4;2;2;2;4;"Immigrants";"Allowed"
4;0;4;5;1;1;1;3;3;4;3;3;4;4;4;4;4;4;4;4;3;"Immigrants";"Stopped"
2;0;1;1;1;2;1;4;3;2;5;5;5;5;5;4;3;NA;NA;NA;NA;"Multinationals";"Stopped"
3;0;4;4;1;3;1;3;2;4;2;2;2;2;3;2;3;2;3;3;4;"Immigrants";"Stopped"
2;0;5;5;1;2;1;4;3;4;5;4;4;4;3;4;5;3;4;3;2;"Immigrants";"Stopped"
5;0;4;5;1;1;1;5;4;4;4;4;4;4;3;2;1;3;5;4;4;"Multinationals";"no_response"
2;0;3;6;1;2;2;2;2;4;4;4;2;4;4;4;5;3;4;4;2;"Multinationals";"Stopped"
3;0;6;2;1;2;1;2;2;5;4;2;2;2;2;5;4;2;2;2;3;"Immigrants";"Allowed"
2;0;2;5;1;2;1;2;2;2;2;4;2;2;2;4;2;2;3;2;3;"Immigrants";"Stopped"
4;0;4;4;1;1;1;3;2;4;2;2;2;2;2;3;4;2;2;2;4;"Multinationals";"Stopped"
2;0;5;8;1;1;2;2;2;3;2;2;2;2;2;3;2;2;4;4;4;"Immigrants";"Stopped"
2;0;6;8;1;1;2;4;2;4;2;2;2;4;4;4;4;4;5;4;2;"Multinationals";"Allowed"
4;0;1;6;1;3;2;4;4;2;4;3;2;2;2;4;4;2;2;2;5;"Multinationals";"Allowed"
2;0;4;5;1;3;1;5;5;5;2;3;3;2;2;3;5;3;7;7;3;"Immigrants";"Stopped"
2;0;3;6;1;2;1;4;4;4;2;2;2;4;2;4;3;2;4;4;4;"Multinationals";"Stopped"
3;0;6;5;1;2;1;4;4;4;4;2;2;4;2;4;4;2;2;2;2;"Immigrants";"Stopped"
2;0;6;5;1;2;2;5;5;5;2;2;2;2;2;5;4;4;4;4;3;"Immigrants";"Stopped"
2;0;4;2;1;3;2;2;4;3;2;2;2;2;2;2;5;2;2;1;5;"Multinationals";"Stopped"
2;0;5;0;1;3;2;3;3;3;2;2;2;2;2;4;4;2;2;2;4;"Multinationals";"Allowed"
3;0;6;2;1;2;2;4;3;4;3;3;2;3;3;5;5;2;3;3;4;"Immigrants";"Stopped"
4;0;6;3;1;2;2;4;4;4;4;4;4;4;4;2;4;2;2;3;4;"Multinationals";"Stopped"
3;0;5;5;1;3;2;4;3;2;2;3;3;3;2;4;4;2;2;2;4;"Multinationals";"Allowed"
4;0;4;5;1;2;2;5;2;2;4;4;4;4;4;4;5;2;2;3;4;"Multinationals";"Stopped"
2;0;6;4;1;1;2;4;4;4;3;3;3;3;3;2;2;3;4;5;1;"Multinationals";"Stopped"
2;0;6;8;1;1;1;4;2;4;2;3;7;4;3;4;4;4;4;3;2;"Multinationals";"Allowed"
2;0;6;5;1;1;2;4;4;4;4;4;2;2;2;4;4;3;3;3;4;"Immigrants";"Stopped"
2;0;6;2;1;2;2;4;4;3;2;2;2;2;2;5;5;2;3;4;4;"Multinationals";"Stopped"
2;0;6;6;1;3;1;2;4;2;4;4;2;1;2;3;3;2;4;4;4;"Immigrants";"Stopped"
3;0;3;8;1;2;1;2;2;3;4;4;3;3;4;4;4;4;5;4;2;"Immigrants";"Allowed"
3;0;5;6;1;3;1;4;2;4;2;2;2;2;3;2;2;2;2;2;4;"Immigrants";"Allowed"
4;0;1;6;1;2;1;2;2;4;4;3;7;4;3;3;5;3;3;2;4;"Multinationals";"Allowed"
3;0;5;10;1;2;1;4;2;3;2;3;2;3;2;2;4;3;3;4;2;"Multinationals";"Allowed"
4;0;2;4;1;1;1;4;3;3;4;4;2;2;5;2;5;2;2;4;3;"Multinationals";"Allowed"
4;0;4;6;1;3;2;2;2;3;4;2;2;1;2;3;4;1;2;2;4;"Multinationals";"Stopped"
2;0;6;5;1;1;2;4;4;4;4;4;3;2;4;3;4;2;3;2;4;"Immigrants";"Stopped"
4;0;3;3;1;3;1;2;4;5;4;2;2;2;1;2;2;1;1;1;4;"Multinationals";"Allowed"
1;0;5;4;1;3;1;3;4;2;4;3;3;2;2;5;1;2;2;2;3;"Immigrants";"Stopped"
2;0;6;5;1;1;1;4;4;5;3;4;2;3;2;4;4;3;5;4;2;"Immigrants";"Allowed"
4;0;6;7;1;3;1;1;3;2;4;2;2;2;1;5;3;1;2;1;5;"Immigrants";"Allowed"
4;0;4;7;1;3;1;3;2;2;2;2;2;2;2;3;5;NA;NA;NA;NA;"Multinationals";"Stopped"
3;0;5;5;1;3;1;3;3;3;3;3;3;3;3;4;4;3;3;3;2;"Multinationals";"Stopped"
3;0;3;7;1;3;2;5;4;4;5;4;3;4;4;4;5;3;4;3;4;"Immigrants";"Stopped"
2;0;4;5;1;3;2;1;1;1;2;3;3;2;4;5;5;1;1;2;5;"Immigrants";"Allowed"
3;0;5;1;1;2;2;4;4;3;3;3;3;3;2;4;4;3;3;3;3;"Immigrants";"Stopped"
3;0;6;5;1;1;2;4;4;5;3;4;3;2;3;4;3;3;3;2;3;"Immigrants";"Allowed"
3;0;3;6;1;2;1;5;2;4;4;5;5;5;4;1;4;3;4;3;5;"Immigrants";"Stopped"
3;0;1;7;1;2;1;2;3;5;3;2;2;2;1;2;2;5;4;4;2;"Multinationals";"Stopped"
2;0;3;5;1;2;2;4;4;4;2;2;2;2;2;2;4;2;3;3;4;"Multinationals";"Allowed"
2;0;4;4;1;3;2;2;2;2;2;2;2;2;2;4;4;NA;NA;NA;NA;"Immigrants";"Allowed"
4;0;5;8;1;1;2;3;4;3;4;4;3;2;2;4;4;3;4;5;2;"Immigrants";"Stopped"
5;0;3;5;1;2;1;2;3;4;2;3;2;2;2;3;2;1;1;1;4;"Immigrants";"Stopped"
4;1;3;8;1;3;1;2;2;4;4;2;2;2;1;3;5;2;4;4;2;"Immigrants";"Stopped"
4;0;6;5;1;1;1;4;4;3;4;4;4;4;4;4;4;4;4;4;1;"Immigrants";"Allowed"
4;0;6;5;1;1;1;4;4;4;3;2;1;4;2;4;4;3;4;2;2;"Immigrants";"Stopped"
2;0;4;4;1;3;2;3;2;1;1;2;1;2;2;5;5;1;2;1;5;"Multinationals";"Stopped"
2;0;6;99;1;1;2;4;3;3;7;3;1;2;3;2;3;3;3;4;2;"Multinationals";"no_response"
2;0;4;5;1;3;2;5;3;3;2;2;2;3;1;4;4;2;2;2;3;"Multinationals";"Stopped"
4;0;NA;5;1;2;1;4;4;4;4;4;4;4;4;4;4;2;4;4;4;"Immigrants";"Allowed"
4;0;6;7;1;2;1;4;4;4;2;2;2;2;2;3;3;4;5;4;2;"Multinationals";"Stopped"
4;0;6;6;1;2;2;4;4;3;2;2;2;2;2;4;3;7;4;4;4;"Immigrants";"Allowed"
4;0;5;7;1;3;2;4;2;4;2;2;2;2;2;3;4;3;4;4;4;"Multinationals";"Allowed"
4;0;5;99;1;1;2;4;4;4;9;9;9;9;9;3;4;3;4;4;3;"Multinationals";"Allowed"
2;0;5;8;1;1;2;4;4;5;2;2;2;2;4;4;4;4;4;4;2;"Immigrants";"Stopped"
1;0;3;2;1;3;1;2;2;2;4;4;5;2;3;1;5;1;1;1;4;"Immigrants";"Stopped"
2;0;3;3;1;2;1;4;3;4;4;4;3;4;3;4;5;3;4;3;4;"Immigrants";"Stopped"
4;0;3;5;1;2;1;5;5;4;2;2;2;2;2;4;5;2;2;2;4;"Immigrants";"Allowed"
2;0;6;77;1;1;2;4;4;7;4;3;2;4;3;4;5;4;4;4;2;"Immigrants";"Stopped"
3;0;2;77;1;1;2;3;5;5;4;4;5;5;3;7;5;NA;NA;NA;NA;"Multinationals";"Allowed"
4;0;5;9;1;2;1;4;4;4;4;5;4;4;4;4;4;2;4;5;2;"Immigrants";"Allowed"
3;0;2;5;1;2;1;2;2;4;3;3;3;3;3;2;4;4;4;2;4;"Immigrants";"Stopped"
2;0;6;7;1;1;1;4;4;4;5;4;3;4;5;5;5;3;4;4;2;"Multinationals";"Allowed"
5;1;6;4;1;3;1;2;2;2;4;3;3;2;2;5;5;2;2;2;5;"Immigrants";"Allowed"
4;0;2;2;1;3;1;2;2;2;4;3;3;2;2;4;3;1;1;1;4;"Immigrants";"Stopped"
3;0;2;4;1;3;2;4;3;4;3;2;2;3;2;4;4;1;1;2;5;"Multinationals";"Stopped"
3;0;2;7;1;3;2;3;2;2;2;2;2;2;2;4;2;3;3;2;4;"Immigrants";"Allowed"
3;0;5;7;1;3;2;4;4;2;3;3;2;3;3;4;3;4;5;2;4;"Multinationals";"Allowed"
1;1;2;0;1;3;2;4;4;4;4;3;3;2;3;4;5;1;2;1;5;"Multinationals";"Allowed"
4;0;2;2;1;3;2;3;3;2;2;3;2;1;1;5;3;1;1;1;5;"Multinationals";"Allowed"
4;0;2;1;1;3;2;4;4;3;4;3;4;2;2;4;4;1;1;1;5;"Multinationals";"Allowed"
2;0;1;5;1;2;2;5;5;3;3;4;3;3;3;4;5;3;3;4;4;"Immigrants";"Allowed"
4;1;1;6;1;2;2;4;4;4;2;2;4;2;4;2;2;NA;NA;NA;NA;"Multinationals";"Stopped"
2;0;2;5;1;3;2;3;3;3;3;4;3;3;2;5;5;NA;NA;NA;NA;"Multinationals";"Stopped"
2;0;4;5;1;2;1;4;3;3;1;2;1;2;1;4;4;2;2;2;4;"Multinationals";"Stopped"
4;0;1;4;1;2;2;2;2;4;2;4;4;2;2;4;4;1;1;1;5;"Multinationals";"Allowed"
5;0;6;5;1;1;2;1;4;4;3;2;3;3;2;5;5;2;3;5;5;"Immigrants";"Stopped"
4;0;5;3;1;3;1;2;2;3;3;3;3;2;2;4;4;2;2;2;4;"Multinationals";"Allowed"
2;0;5;3;1;3;1;2;2;3;2;2;1;2;1;4;5;2;3;4;2;"Immigrants";"Allowed"
3;0;1;1;1;2;1;4;3;2;3;3;2;2;2;5;5;NA;NA;NA;NA;"Multinationals";"Allowed"
3;0;2;4;1;3;2;4;3;2;3;3;3;3;3;4;5;1;1;1;4;"Immigrants";"Stopped"
3;0;2;2;1;3;2;4;4;5;2;4;4;3;4;4;5;1;2;1;5;"Immigrants";"Stopped"
1;0;6;5;1;3;2;2;1;2;3;3;2;3;2;4;4;2;3;2;4;"Multinationals";"Stopped"
2;0;3;2;1;3;1;2;4;4;2;2;2;4;4;2;4;NA;NA;NA;NA;"Immigrants";"Allowed"
2;0;3;7;1;NA;1;2;2;2;1;1;1;1;2;4;4;4;4;3;2;"Immigrants";"Stopped"
4;1;2;10;1;2;1;3;2;3;5;5;3;5;4;4;5;2;4;3;1;"Immigrants";"Stopped"
2;1;4;2;1;2;2;4;2;2;2;3;2;2;2;2;4;2;2;2;3;"Immigrants";"Allowed"
2;0;4;5;1;3;2;4;4;4;3;3;2;3;3;4;3;3;3;3;4;"Multinationals";"Allowed"
4;0;5;0;1;2;2;4;4;4;4;4;4;4;4;4;5;2;2;2;4;"Immigrants";"Stopped"
2;0;6;5;1;1;2;4;4;4;3;4;3;5;1;2;3;3;4;4;4;"Immigrants";"Stopped"
2;0;4;3;1;3;1;2;3;2;3;4;3;4;4;4;4;2;2;2;3;"Multinationals";"no_response"
3;0;2;5;1;2;1;2;2;2;2;2;2;2;2;4;3;3;3;3;4;"Immigrants";"Stopped"
4;1;1;5;1;3;1;4;2;3;2;2;2;2;2;3;4;2;3;3;4;"Multinationals";"Allowed"
4;0;1;7;1;1;2;4;4;3;3;4;4;4;3;3;4;3;4;3;3;"Immigrants";"Stopped"
2;0;4;7;1;3;2;4;4;4;3;3;3;3;2;4;4;2;3;3;4;"Multinationals";"Allowed"
2;0;6;7;1;1;2;4;4;1;2;2;1;3;2;5;4;2;3;2;5;"Multinationals";"Stopped"
2;0;6;8;1;1;1;4;4;4;4;4;4;4;3;5;5;4;2;3;4;"Multinationals";"Allowed"
4;0;1;7;1;2;2;5;5;5;4;2;2;4;2;4;4;2;3;2;5;"Multinationals";"Allowed"
4;0;4;3;1;2;1;4;4;4;4;3;3;2;2;4;4;2;3;3;4;"Multinationals";"Stopped"
2;0;1;8;1;NA;1;4;4;3;4;3;3;2;2;4;4;1;3;1;3;"Immigrants";"Stopped"
2;0;6;10;1;2;1;5;4;4;3;3;2;3;2;4;3;3;3;4;2;"Immigrants";"Stopped"
2;0;5;5;1;1;1;4;4;2;4;2;2;3;3;5;4;2;3;3;2;"Immigrants";"Stopped"
1;0;5;7;1;3;2;2;2;2;3;3;2;4;2;4;5;2;4;3;4;"Multinationals";"Stopped"
3;0;5;5;1;1;2;4;3;4;4;4;4;4;3;4;4;3;3;3;3;"Multinationals";"Allowed"
4;0;2;5;1;3;2;4;4;3;3;2;2;2;1;4;3;2;2;2;4;"Multinationals";"no_response"
3;0;5;4;1;1;1;4;4;4;4;4;3;3;2;2;4;4;4;3;3;"Immigrants";"Stopped"
4;0;3;10;1;2;1;4;3;3;4;4;5;4;4;2;4;4;4;4;2;"Immigrants";"Allowed"
3;0;5;5;1;1;1;5;4;4;4;3;3;4;3;4;4;2;3;3;5;"Multinationals";"Stopped"
4;0;2;7;1;3;1;2;2;4;4;4;4;5;3;2;9;3;3;4;3;"Immigrants";"Allowed"
4;0;5;5;1;2;1;4;3;3;3;3;2;4;3;4;4;2;4;3;2;"Immigrants";"Stopped"
5;0;2;2;1;3;1;2;4;5;2;4;2;3;3;4;5;2;2;1;4;"Immigrants";"Allowed"
2;0;6;4;1;2;2;5;5;5;5;5;3;4;3;5;5;3;4;3;3;"Immigrants";"Stopped"
5;0;6;5;1;1;1;2;2;3;5;3;4;2;2;5;4;3;4;5;1;"Multinationals";"Allowed"
4;0;4;10;1;2;1;2;2;2;2;2;2;2;1;2;2;4;5;4;4;"Immigrants";"Allowed"
4;0;6;8;1;2;1;4;2;3;2;2;2;3;2;2;3;3;4;4;3;"Immigrants";"Stopped"
2;0;5;5;1;3;2;5;4;3;5;4;3;4;3;4;4;2;2;2;4;"Immigrants";"Stopped"
2;0;6;5;1;1;1;4;4;5;4;4;3;4;3;3;5;2;4;3;2;"Multinationals";"Allowed"
4;0;6;5;1;2;2;5;5;5;4;4;4;4;5;4;4;NA;NA;NA;NA;"Multinationals";"Stopped"
2;0;2;4;1;3;2;2;2;2;3;2;1;1;1;4;5;1;1;1;4;"Immigrants";"Stopped"
4;0;5;8;1;3;1;1;1;2;4;2;2;2;2;1;4;3;3;2;3;"Multinationals";"Stopped"
3;0;2;7;1;3;1;2;2;2;3;2;2;2;1;4;3;2;3;2;2;"Multinationals";"Allowed"
3;0;4;5;1;2;1;4;4;4;3;4;3;3;3;4;4;1;2;2;4;"Immigrants";"Stopped"
4;0;6;4;1;3;1;3;3;4;3;4;3;2;3;4;4;3;3;3;4;"Multinationals";"Stopped"
2;0;3;8;1;2;2;4;2;5;4;5;5;5;5;4;5;4;5;5;3;"Multinationals";"Stopped"
4;0;2;5;1;2;1;4;4;2;3;3;4;4;2;2;3;NA;NA;NA;NA;"Immigrants";"Allowed"
4;0;4;2;1;3;1;2;2;2;2;2;2;2;1;4;4;1;2;2;4;"Immigrants";"Allowed"
1;0;3;5;1;2;2;1;1;1;3;3;4;3;5;1;1;5;5;5;2;"Immigrants";"Stopped"
4;0;2;5;1;1;1;4;4;2;4;4;4;3;3;4;5;2;4;5;4;"Immigrants";"Allowed"
3;0;6;5;1;2;1;3;3;4;2;4;3;4;3;4;5;3;4;4;3;"Immigrants";"Stopped"
2;0;2;2;1;3;2;3;2;2;2;3;2;3;2;4;4;2;2;2;4;"Immigrants";"Allowed"
2;0;6;5;1;3;2;4;2;4;2;2;2;2;2;2;4;4;4;4;4;"Immigrants";"Stopped"
1;0;6;4;1;3;2;4;2;1;3;3;3;3;3;3;4;2;2;2;4;"Immigrants";"Stopped"
2;0;6;5;1;1;1;2;2;5;2;3;2;2;4;4;4;4;5;5;4;"Multinationals";"Stopped"
5;0;1;6;1;2;1;1;1;1;1;1;1;1;1;4;2;1;1;1;5;"Immigrants";"Allowed"
2;0;2;6;1;3;1;2;3;5;2;2;2;3;1;2;4;2;2;2;3;"Multinationals";"Allowed"
1;0;6;6;1;3;1;2;2;3;2;1;2;2;1;1;2;3;3;4;4;"Multinationals";"Stopped"
3;0;6;7;1;1;1;4;3;4;2;2;2;4;2;4;4;4;4;4;2;"Multinationals";"Stopped"
2;0;4;3;1;3;1;2;1;2;4;3;2;1;2;4;1;1;1;1;5;"Immigrants";"Stopped"
2;1;5;8;1;1;1;2;2;4;1;1;1;2;1;2;5;1;2;1;5;"Immigrants";"Allowed"
2;0;3;5;1;1;1;2;2;1;5;2;2;4;1;3;4;1;1;1;4;"Multinationals";"Allowed"
1;0;1;4;1;2;1;4;9;2;4;3;2;3;3;3;2;2;9;2;5;"Multinationals";"Allowed"
2;1;4;7;1;2;2;3;2;3;2;2;2;2;3;3;4;2;4;4;4;"Immigrants";"Stopped"
2;0;6;99;1;NA;2;4;4;4;2;9;2;9;2;4;4;3;3;2;3;"Immigrants";"Stopped"
2;0;3;6;1;3;2;3;2;3;3;2;2;2;2;4;5;2;2;2;4;"Immigrants";"Allowed"
2;0;4;0;1;2;1;4;2;5;4;4;4;3;3;5;5;1;1;1;5;"Multinationals";"Stopped"
2;0;4;5;1;1;1;4;4;3;2;2;2;2;2;2;2;2;2;2;4;"Immigrants";"Stopped"
2;0;6;8;1;2;1;3;3;3;2;2;2;2;1;4;2;2;3;3;4;"Immigrants";"Stopped"
2;0;6;7;1;2;1;4;4;4;2;2;2;3;2;2;2;4;5;4;3;"Multinationals";"Allowed"
4;0;6;8;1;2;2;2;2;4;2;2;2;2;2;2;4;2;3;4;3;"Multinationals";"Stopped"
4;0;6;4;1;3;2;4;4;3;2;2;2;2;2;4;4;3;3;3;4;"Multinationals";"Allowed"
2;0;1;1;1;2;2;3;3;4;4;5;5;2;2;4;2;2;2;2;4;"Immigrants";"Stopped"
3;0;3;4;1;3;2;5;5;4;4;4;3;2;3;3;4;1;3;2;5;"Immigrants";"Allowed"
2;0;5;6;1;2;1;4;3;4;2;2;2;2;3;2;2;2;3;3;4;"Immigrants";"Stopped"
2;0;2;3;1;3;1;4;5;2;2;2;1;2;1;4;4;2;2;2;4;"Multinationals";"Allowed"
2;0;5;7;1;3;1;2;2;2;2;2;2;1;1;4;2;1;2;2;4;"Multinationals";"Allowed"
3;0;5;7;1;3;1;3;2;4;4;4;2;2;2;4;2;2;3;4;4;"Multinationals";"Allowed"
2;0;3;4;1;3;1;4;4;2;3;2;2;2;2;3;4;2;2;2;3;"Immigrants";"Stopped"
4;0;3;7;1;3;1;2;2;1;2;2;2;2;2;4;4;2;3;4;3;"Immigrants";"Allowed"
2;0;6;5;1;3;2;3;5;4;2;2;2;2;2;3;4;3;2;3;4;"Multinationals";"Allowed"
3;0;6;5;1;2;2;4;4;4;2;2;2;2;2;4;4;3;3;4;3;"Immigrants";"Allowed"
4;0;3;5;1;3;2;2;3;3;3;3;2;2;2;3;4;2;2;2;3;"Immigrants";"Allowed"
3;0;5;5;1;2;1;4;4;3;3;4;3;2;2;4;5;2;3;3;4;"Immigrants";"Stopped"
2;0;1;4;1;3;1;2;1;1;1;2;2;3;2;4;3;2;2;1;4;"Immigrants";"Stopped"
4;0;6;5;1;1;1;5;4;4;5;5;5;4;5;4;3;3;4;4;2;"Immigrants";"Stopped"
1;0;1;5;1;1;1;4;3;4;3;3;2;2;1;3;3;3;3;4;4;"Multinationals";"Allowed"
2;0;5;5;1;2;1;3;4;4;4;5;3;2;3;5;5;2;3;3;3;"Immigrants";"Allowed"
3;0;6;3;1;1;2;2;2;4;3;3;3;3;2;4;4;3;4;3;2;"Immigrants";"Stopped"
4;0;1;8;1;2;1;3;2;4;4;4;3;2;3;2;2;4;4;4;3;"Multinationals";"Stopped"
3;0;3;5;1;2;1;4;3;3;3;3;2;4;3;2;3;3;4;4;2;"Immigrants";"Allowed"
4;0;6;3;1;2;1;3;2;4;2;3;2;4;3;4;5;2;3;4;3;"Multinationals";"Allowed"
3;0;3;5;1;2;1;3;4;3;1;3;3;3;3;4;5;2;3;3;3;"Multinationals";"Allowed"
2;0;4;3;1;1;1;4;5;2;2;2;2;3;2;4;5;1;1;1;5;"Immigrants";"Stopped"
2;0;2;5;1;2;2;4;3;3;2;3;2;3;2;3;3;2;3;3;3;"Immigrants";"Stopped"
2;0;4;5;1;2;2;3;2;4;2;4;3;3;3;4;4;2;2;3;3;"Multinationals";"no_response"
4;0;2;3;1;3;1;2;2;2;2;2;2;2;2;4;3;1;1;2;4;"Multinationals";"Stopped"
2;0;4;3;1;2;1;2;4;4;2;2;4;4;5;5;5;2;4;2;3;"Immigrants";"Stopped"
1;1;6;10;1;3;1;2;2;2;2;2;2;4;2;2;1;2;2;2;4;"Immigrants";"Stopped"
2;0;6;3;1;1;2;4;3;4;4;4;5;4;4;4;4;2;4;2;4;"Immigrants";"Stopped"
4;0;3;1;1;3;2;2;1;2;2;2;2;2;1;4;5;1;1;2;4;"Immigrants";"Allowed"
4;0;5;5;1;2;2;2;4;3;2;3;1;3;1;5;4;3;3;4;4;"Multinationals";"Stopped"
3;0;5;6;1;3;2;4;3;4;2;2;2;3;2;2;4;2;3;4;4;"Multinationals";"Stopped"
3;0;5;8;1;2;1;3;3;3;3;3;3;3;3;3;3;4;4;4;2;"Immigrants";"Allowed"
4;0;4;7;1;2;2;2;3;4;4;4;3;2;3;4;5;1;4;5;4;"Multinationals";"Allowed"
4;0;5;4;1;1;1;3;4;4;3;3;3;3;4;2;4;3;4;4;2;"Immigrants";"Stopped"
2;0;1;3;1;2;1;4;3;4;5;2;2;4;2;3;4;2;3;2;4;"Multinationals";"Stopped"
3;0;3;5;1;2;1;2;2;3;4;3;3;3;2;3;3;3;3;4;3;"Immigrants";"Stopped"
4;0;4;5;1;2;2;4;3;1;2;2;2;2;2;4;5;3;3;2;4;"Multinationals";"Stopped"
2;0;3;6;1;3;2;2;2;2;2;2;2;2;2;4;3;1;1;2;4;"Immigrants";"Allowed"
4;0;6;6;1;1;1;4;4;4;2;2;2;2;2;4;4;3;3;2;4;"Multinationals";"Allowed"
2;0;6;7;1;1;2;4;5;4;4;2;2;2;2;4;4;3;4;4;4;"Multinationals";"Stopped"
2;0;2;9;1;2;1;4;2;2;3;3;2;4;2;2;4;2;2;2;4;"Immigrants";"Stopped"
3;0;6;4;1;2;1;3;2;3;2;3;2;2;2;4;4;2;2;2;4;"Immigrants";"Allowed"
2;0;6;7;1;1;1;4;4;4;3;3;2;3;3;2;3;4;4;4;2;"Multinationals";"Stopped"
3;0;4;3;1;2;1;2;3;3;2;3;3;2;2;4;3;2;2;2;4;"Immigrants";"Stopped"
2;0;2;2;1;2;2;4;2;3;3;4;2;3;3;3;4;NA;NA;NA;NA;"Immigrants";"Stopped"
2;0;4;7;1;3;2;4;4;4;2;2;2;2;2;3;2;2;3;2;4;"Immigrants";"Stopped"
3;0;3;5;1;3;2;4;3;2;2;2;2;2;2;3;3;1;3;2;5;"Multinationals";"Stopped"
2;0;3;5;1;3;2;5;5;3;3;3;3;2;3;2;4;1;1;1;4;"Multinationals";"Allowed"
3;0;2;3;1;3;1;4;3;2;2;2;3;2;2;4;4;2;2;2;2;"Immigrants";"Stopped"
2;0;4;3;1;3;1;1;1;1;4;2;2;2;2;4;4;3;2;2;4;"Immigrants";"Stopped"
3;0;5;5;1;3;2;3;4;3;3;3;3;3;3;3;5;4;4;4;3;"Multinationals";"Stopped"
4;0;5;5;1;3;2;4;4;4;2;2;2;2;2;3;4;1;4;4;4;"Multinationals";"Allowed"
2;0;3;99;1;1;2;4;4;2;2;2;3;3;2;3;7;NA;NA;NA;NA;"Immigrants";"Stopped"
2;0;4;1;1;3;2;3;3;3;3;4;3;3;2;4;5;2;2;2;4;"Immigrants";"Stopped"
4;1;5;5;1;1;1;4;4;4;3;3;4;4;3;4;4;3;3;3;4;"Immigrants";"Stopped"
2;0;3;5;1;3;1;4;2;1;3;3;3;2;3;4;4;1;1;1;4;"Multinationals";"Stopped"
3;0;6;77;1;3;1;5;5;4;3;3;2;2;3;5;4;2;2;2;4;"Immigrants";"Stopped"
1;0;1;5;1;3;1;2;2;3;1;1;1;1;1;4;3;2;2;1;5;"Immigrants";"Allowed"
2;0;2;7;1;3;1;3;2;3;1;1;1;1;1;4;3;2;2;2;3;"Multinationals";"Stopped"
4;0;4;2;1;3;2;4;2;3;2;3;3;2;2;5;4;2;2;2;4;"Multinationals";"Allowed"
1;0;5;5;1;3;2;5;5;5;3;2;3;3;3;5;4;2;2;2;4;"Immigrants";"Stopped"
2;0;4;3;1;3;2;5;3;3;3;4;3;3;2;4;5;1;2;2;4;"Multinationals";"Allowed"
2;0;6;3;1;1;2;4;4;4;4;2;2;4;2;4;4;4;4;4;2;"Multinationals";"Stopped"
5;0;6;5;1;1;1;5;3;4;1;1;1;4;3;3;4;5;5;5;1;"Immigrants";"Stopped"
2;0;1;7;1;2;1;3;2;5;4;5;4;4;3;5;3;3;3;4;3;"Immigrants";"Allowed"
4;0;5;7;1;3;1;4;4;4;2;2;3;2;2;4;2;3;3;3;4;"Immigrants";"Stopped"
3;0;2;6;1;2;1;5;5;3;3;2;3;4;2;4;5;3;3;3;2;"Immigrants";"Stopped"
2;0;3;6;1;3;2;7;2;2;2;3;2;1;2;2;4;2;3;3;4;"Multinationals";"no_response"
2;1;5;5;1;3;2;1;2;2;2;2;2;2;2;4;3;2;2;2;4;"Immigrants";"Stopped"
3;0;2;7;1;3;2;5;5;5;4;4;4;4;3;3;2;4;4;4;4;"Multinationals";"Stopped"
3;0;3;0;1;2;2;4;3;4;5;3;4;4;3;3;5;2;3;2;4;"Immigrants";"Allowed"
2;0;6;2;1;3;2;3;3;2;3;3;3;2;2;4;4;2;2;1;4;"Immigrants";"Stopped"
4;0;6;7;1;1;1;2;2;2;2;4;1;2;4;4;4;3;4;2;2;"Immigrants";"Allowed"
4;0;3;5;1;3;1;2;2;3;2;2;2;2;3;2;2;3;4;4;3;"Multinationals";"Stopped"
3;0;6;6;1;1;1;4;4;4;2;4;2;2;2;4;4;3;4;4;2;"Immigrants";"Allowed"
2;1;6;6;1;2;1;2;2;2;3;2;2;2;2;3;4;4;4;4;2;"Multinationals";"Allowed"
2;0;3;4;1;2;1;4;2;2;2;2;2;2;2;4;4;2;2;2;3;"Multinationals";"Allowed"
4;0;1;6;1;3;1;2;2;2;2;1;2;2;2;4;4;2;2;2;4;"Multinationals";"Allowed"
2;0;6;7;1;3;1;2;2;2;2;2;2;2;4;4;4;2;3;4;2;"Immigrants";"Stopped"
4;0;5;5;1;1;2;4;4;3;3;4;3;2;4;3;2;NA;NA;NA;NA;"Multinationals";"Allowed"
3;0;2;6;1;3;2;2;2;2;2;2;2;2;2;1;3;4;5;4;2;"Multinationals";"Allowed"
4;0;2;5;1;2;2;2;2;2;2;4;2;2;4;4;5;2;4;3;3;"Immigrants";"Allowed"
4;0;6;4;1;1;2;4;4;4;2;4;1;2;4;4;4;4;2;4;2;"Immigrants";"Stopped"
3;0;4;5;1;2;1;3;2;3;4;4;3;3;3;4;4;2;2;2;4;"Multinationals";"Stopped"
4;0;4;5;1;2;1;3;2;5;4;4;3;3;3;4;5;3;3;4;3;"Immigrants";"Allowed"
2;0;6;5;1;3;2;4;3;4;2;3;2;3;3;2;4;2;4;2;2;"Multinationals";"Allowed"
2;0;2;5;1;2;2;4;4;3;2;4;3;3;3;3;4;3;3;3;4;"Immigrants";"Allowed"
3;0;5;5;1;1;2;4;4;4;3;3;3;3;3;4;3;5;5;3;3;"Multinationals";"Allowed"
4;1;6;0;1;2;2;4;2;4;2;2;4;4;2;4;4;2;3;3;3;"Immigrants";"Stopped"
2;0;5;0;1;2;2;5;4;2;3;2;3;3;2;4;5;2;2;2;4;"Immigrants";"Stopped"
3;0;3;3;1;2;1;2;2;3;3;3;2;2;2;4;5;1;3;2;5;"Multinationals";"Allowed"
3;0;5;3;1;2;1;4;3;3;4;4;4;3;3;3;4;2;3;3;4;"Multinationals";"Allowed"
5;0;4;10;1;2;1;4;3;4;2;4;4;4;7;4;5;4;5;4;4;"Immigrants";"Allowed"
4;1;6;8;1;1;1;4;4;4;4;4;4;4;2;2;4;2;4;2;4;"Immigrants";"Stopped"
5;0;6;5;1;2;2;4;4;4;2;3;3;2;2;4;5;2;3;3;4;"Multinationals";"Allowed"
4;0;1;10;1;2;2;2;3;3;2;2;2;2;2;1;1;3;3;3;3;"Multinationals";"Allowed"
1;1;2;8;1;3;1;2;1;1;2;2;2;1;1;3;1;1;1;4;4;"Multinationals";"Stopped"
4;0;5;7;1;1;1;2;2;3;3;4;2;2;2;4;4;2;3;4;1;"Multinationals";"Stopped"
2;0;2;6;1;2;1;2;4;3;3;4;3;3;3;3;4;2;2;2;4;"Multinationals";"Stopped"
3;0;6;8;1;2;2;4;5;4;4;2;1;2;2;1;1;3;4;5;3;"Multinationals";"Allowed"
4;0;2;5;1;3;2;4;4;4;3;4;2;4;4;3;5;4;5;5;3;"Immigrants";"Stopped"
2;0;6;5;1;3;2;4;4;4;4;2;2;2;2;4;5;3;2;2;3;"Multinationals";"Stopped"
2;0;4;5;1;3;2;4;2;2;2;2;2;2;2;4;5;4;3;4;3;"Multinationals";"no_response"
1;1;4;2;1;3;1;5;2;3;4;5;4;2;3;5;5;NA;NA;NA;NA;"Immigrants";"Allowed"
1;0;1;7;1;2;2;4;3;3;3;3;3;3;2;3;2;2;3;3;4;"Multinationals";"Stopped"
3;0;5;5;1;2;1;1;2;3;3;3;2;2;2;4;3;2;2;3;4;"Immigrants";"Stopped"
5;0;1;7;1;3;1;2;2;1;2;1;1;1;1;4;3;2;3;4;4;"Immigrants";"Stopped"
3;0;5;3;1;2;1;4;3;4;3;3;3;3;3;4;4;3;3;3;4;"Multinationals";"Stopped"
4;0;1;5;1;2;1;4;4;3;3;3;2;4;4;3;3;3;3;4;3;"Immigrants";"Allowed"
4;0;4;5;1;3;2;2;3;2;3;4;4;3;3;4;4;2;2;2;4;"Multinationals";"Allowed"
4;0;1;3;1;3;2;4;2;4;2;3;3;2;3;4;4;1;1;1;4;"Multinationals";"Stopped"
3;1;5;99;1;3;2;3;3;3;3;3;3;4;2;3;4;2;3;3;4;"Immigrants";"no_response"
2;0;6;5;1;1;2;4;4;4;3;3;3;3;3;4;5;3;3;3;4;"Multinationals";"Stopped"
5;0;4;5;1;2;2;4;3;3;4;4;4;3;3;4;2;3;3;3;3;"Multinationals";"Stopped"
2;1;2;0;1;1;1;1;1;2;5;5;5;5;5;5;5;1;1;1;5;"Multinationals";"Allowed"
5;0;4;5;1;2;1;4;4;2;3;4;3;4;4;2;5;2;4;3;4;"Immigrants";"Allowed"
2;0;3;5;1;2;1;4;4;5;5;4;5;3;3;4;4;2;3;2;4;"Multinationals";"Stopped"
4;0;6;7;1;2;1;3;2;2;2;2;2;3;1;2;2;2;4;4;3;"Immigrants";"Stopped"
4;0;1;5;1;1;2;5;4;4;4;4;4;4;4;2;4;2;3;3;4;"Multinationals";"Allowed"
2;0;5;5;1;3;2;4;1;1;1;2;2;2;2;1;3;2;2;2;4;"Immigrants";"Stopped"
2;0;4;3;1;3;2;2;5;2;2;3;1;3;1;4;4;1;2;3;4;"Multinationals";"Allowed"
2;0;2;0;1;3;2;5;4;4;3;3;3;3;4;4;5;1;1;1;4;"Immigrants";"Stopped"
2;1;5;8;1;2;2;3;3;2;3;2;2;2;2;4;5;2;2;2;4;"Immigrants";"Stopped"
3;1;4;77;1;3;2;5;2;4;3;2;3;4;2;5;4;3;5;2;2;"Multinationals";"Allowed"
2;0;6;5;1;2;2;4;2;4;1;3;2;7;2;3;5;1;2;3;3;"Multinationals";"Allowed"
4;0;3;77;1;1;2;4;2;4;2;4;2;7;2;7;4;NA;NA;NA;NA;"Multinationals";"Allowed"
2;0;4;5;1;2;2;4;4;4;2;2;2;4;2;4;5;2;4;3;4;"Multinationals";"Stopped"
4;0;5;4;1;2;2;2;2;3;2;2;2;2;2;4;3;1;2;1;5;"Multinationals";"Allowed"
1;0;6;5;1;2;2;2;1;4;3;3;1;3;3;1;5;3;1;1;5;"Immigrants";"Stopped"
2;0;6;5;1;1;2;2;3;3;7;2;2;2;2;2;5;2;3;4;4;"Multinationals";"Stopped"
4;0;6;6;1;2;1;4;2;4;2;3;3;3;4;4;4;2;4;5;2;"Immigrants";"Allowed"
3;0;3;6;1;3;1;4;4;4;3;2;2;3;4;2;4;3;4;3;3;"Multinationals";"Stopped"
3;0;6;3;1;3;1;3;4;4;2;2;2;2;2;4;4;2;4;4;3;"Immigrants";"Allowed"
3;0;5;5;1;3;1;5;4;3;5;3;3;4;4;4;5;2;3;3;2;"Multinationals";"Allowed"
1;0;6;5;1;2;1;3;2;3;2;2;3;4;2;1;5;2;3;3;3;"Immigrants";"Stopped"
2;0;5;7;1;3;2;4;5;4;2;3;2;3;2;5;5;4;4;4;4;"Multinationals";"Allowed"
4;0;2;8;1;3;2;1;2;2;2;2;2;2;2;1;1;2;2;2;3;"Multinationals";"Stopped"
4;0;6;3;1;2;1;2;2;2;2;2;2;2;2;4;4;2;2;3;4;"Immigrants";"Allowed"
2;0;5;5;1;NA;1;4;4;2;2;3;2;4;2;5;5;4;4;3;4;"Immigrants";"Allowed"
2;0;6;5;1;1;2;4;4;2;2;2;2;3;2;4;5;2;1;2;4;"Multinationals";"Stopped"
3;0;5;7;1;3;2;2;2;3;2;3;3;3;2;4;4;2;2;2;4;"Multinationals";"Allowed"
3;0;4;4;1;3;1;2;4;2;2;1;1;2;2;1;4;1;1;1;5;"Multinationals";"Stopped"
4;0;5;5;1;1;2;4;4;4;4;4;4;4;4;4;3;4;4;4;2;"Multinationals";"Stopped"
3;0;6;5;1;1;2;4;2;2;2;3;2;4;2;4;4;3;3;3;3;"Multinationals";"Stopped"
2;0;1;5;1;3;1;2;2;3;2;3;1;2;1;4;2;2;2;2;5;"Immigrants";"Stopped"
2;1;6;6;1;1;1;2;2;2;2;2;2;2;2;3;4;2;2;2;4;"Immigrants";"Stopped"
2;0;6;3;1;3;2;1;1;3;4;4;2;3;2;4;5;2;3;4;4;"Immigrants";"Stopped"
4;0;4;7;1;2;1;4;4;4;3;3;3;4;2;2;4;2;4;2;4;"Immigrants";"Allowed"
4;0;6;4;1;3;1;1;2;3;2;4;2;1;1;3;3;2;2;3;5;"Immigrants";"Stopped"
2;0;1;6;1;2;2;4;2;3;4;3;3;3;2;5;3;3;2;1;4;"Immigrants";"Stopped"
2;0;4;5;1;3;2;4;4;4;3;2;2;2;3;3;2;2;3;3;4;"Multinationals";"no_response"
2;0;3;6;1;3;2;2;2;2;2;3;2;2;1;2;2;2;3;2;5;"Immigrants";"Stopped"
2;0;1;5;1;3;2;3;4;2;4;3;3;2;2;5;4;2;2;2;5;"Multinationals";"Allowed"
2;0;4;2;1;3;2;4;3;2;2;2;2;2;2;4;4;1;1;1;5;"Multinationals";"Stopped"
4;0;3;6;1;3;2;5;5;4;4;4;4;5;4;4;1;2;2;2;4;"Immigrants";"no_response"
4;0;3;2;1;3;2;2;2;3;2;4;3;3;2;5;5;1;1;1;5;"Immigrants";"Allowed"
2;0;6;9;1;2;1;2;2;4;3;4;1;3;4;4;4;5;5;5;3;"Multinationals";"Stopped"
2;0;5;8;1;1;1;5;4;5;2;3;3;3;3;5;5;2;4;4;3;"Immigrants";"Allowed"
5;0;6;5;1;NA;1;4;4;4;7;7;5;5;4;4;4;2;3;4;4;"Multinationals";"Stopped"
1;0;5;7;1;1;1;2;1;4;4;2;2;4;2;2;4;3;4;2;2;"Immigrants";"Stopped"
2;0;6;7;1;2;1;1;1;2;4;4;3;3;3;4;5;2;4;3;4;"Multinationals";"Allowed"
2;1;6;4;1;2;1;4;4;4;2;4;2;4;2;4;4;2;2;4;2;"Multinationals";"Allowed"
4;0;5;7;1;3;2;4;4;2;4;4;4;4;4;2;4;4;4;5;4;"Immigrants";"Stopped"
3;1;5;5;1;2;2;4;2;3;4;4;4;3;4;3;4;3;4;3;4;"Multinationals";"Allowed"
4;0;5;5;1;1;1;2;2;2;4;2;2;2;2;3;4;1;2;2;4;"Immigrants";"Stopped"
4;0;6;4;1;2;1;3;4;4;4;4;3;4;4;4;3;2;4;4;3;"Immigrants";"Stopped"
1;0;6;5;1;2;2;3;3;2;3;3;3;4;4;4;4;3;4;4;3;"Immigrants";"Stopped"
2;0;3;2;1;2;2;2;2;2;2;2;2;2;2;5;5;2;2;2;5;"Multinationals";"Allowed"
4;0;6;3;1;2;2;5;5;5;4;4;4;4;4;5;5;2;3;2;2;"Immigrants";"Stopped"
4;1;4;5;1;3;2;4;1;2;2;2;2;2;2;2;2;2;3;2;4;"Multinationals";"Stopped"
4;0;6;5;1;1;2;2;2;4;3;3;3;3;3;3;3;2;3;4;4;"Multinationals";"Stopped"
2;0;6;5;1;2;1;2;2;3;3;2;3;3;2;4;4;3;2;2;4;"Multinationals";"Stopped"
4;0;2;7;1;3;1;4;1;3;1;1;2;1;1;4;1;2;2;3;3;"Immigrants";"Allowed"
3;0;3;6;1;2;1;4;4;5;3;3;3;3;2;3;4;2;2;3;3;"Immigrants";"Stopped"
2;0;4;4;1;3;1;2;2;3;2;2;2;2;2;4;4;2;2;2;3;"Multinationals";"no_response"
2;0;6;5;1;1;1;5;4;5;2;2;2;2;3;4;4;3;4;4;1;"Multinationals";"Stopped"
4;0;5;1;1;1;1;3;2;2;2;3;2;2;2;4;4;1;1;1;4;"Immigrants";"Stopped"
2;0;2;4;1;3;1;2;1;1;2;3;2;2;3;3;5;2;3;2;4;"Immigrants";"Stopped"
2;0;4;7;1;3;2;4;4;3;4;3;4;4;3;4;4;2;2;2;4;"Multinationals";"Allowed"
3;0;2;6;1;2;2;4;4;5;4;5;4;3;3;3;4;3;4;4;4;"Multinationals";"Allowed"
2;0;5;5;1;1;2;4;4;4;3;4;3;3;3;4;4;3;4;4;3;"Immigrants";"Stopped"
3;0;6;5;1;3;2;4;4;4;3;3;3;3;3;4;5;3;3;4;3;"Immigrants";"Allowed"
2;0;2;2;1;2;2;5;5;4;2;4;2;2;1;4;4;1;2;1;5;"Immigrants";"Stopped"
4;0;6;0;1;1;1;5;4;1;5;4;4;4;4;5;4;2;2;3;4;"Multinationals";"Allowed"
4;0;6;3;1;3;1;2;2;4;3;3;4;4;3;5;5;1;2;1;5;"Multinationals";"Allowed"
2;0;3;5;1;3;1;2;2;2;2;2;2;2;2;2;4;NA;NA;NA;NA;"Multinationals";"Stopped"
3;0;6;4;1;2;2;3;3;2;2;3;2;1;2;4;4;1;3;2;5;"Multinationals";"Stopped"
1;0;6;8;1;3;1;1;2;4;1;2;2;4;2;4;4;2;2;1;3;"Immigrants";"Allowed"
4;1;5;4;1;3;2;3;1;1;2;3;2;1;1;2;5;1;1;2;5;"Immigrants";"Stopped"
2;0;5;3;1;3;2;2;3;3;2;2;2;2;1;4;4;1;1;1;5;"Immigrants";"Stopped"
2;0;6;5;1;3;2;5;5;5;4;3;4;4;2;4;5;2;4;4;4;"Immigrants";"Stopped"
4;0;6;9;1;1;1;4;2;5;2;4;2;4;4;2;2;4;4;5;1;"Multinationals";"Allowed"
4;0;1;3;1;3;1;4;2;3;2;2;3;2;3;2;2;2;2;3;3;"Multinationals";"Stopped"
4;0;4;5;1;2;1;4;4;4;2;2;2;2;2;2;2;2;3;4;2;"Immigrants";"Allowed"
2;0;6;5;1;2;1;4;2;2;4;4;2;2;3;2;1;3;3;2;4;"Immigrants";"Allowed"
1;0;3;3;1;2;1;4;2;3;5;3;4;2;1;2;5;2;3;2;4;"Immigrants";"Stopped"
5;1;6;5;1;1;1;4;3;4;4;4;4;5;3;4;4;3;3;4;2;"Immigrants";"Allowed"
4;0;5;5;1;2;2;2;2;2;3;4;2;2;2;4;4;2;2;3;4;"Multinationals";"Allowed"
4;0;5;5;1;3;2;4;2;2;4;3;3;2;2;4;4;2;2;2;4;"Multinationals";"Allowed"
4;0;6;8;1;1;2;4;4;4;4;4;4;4;5;2;2;4;4;4;4;"Multinationals";"Stopped"
3;0;2;5;1;3;2;4;4;4;3;4;2;2;2;4;5;2;2;2;5;"Multinationals";"Stopped"
3;0;2;3;1;3;1;2;2;3;1;1;1;1;1;4;5;2;3;2;5;"Multinationals";"Allowed"
3;0;3;6;1;3;1;4;3;3;2;3;3;2;2;3;3;3;3;3;3;"Immigrants";"Allowed"
2;1;5;6;1;1;1;5;4;3;1;2;1;3;2;2;4;2;4;4;2;"Immigrants";"Stopped"
2;1;6;8;1;2;1;4;3;4;2;2;2;2;3;4;3;2;3;3;2;"Multinationals";"Allowed"
2;0;6;5;1;2;2;4;2;4;3;4;4;4;4;3;4;3;2;3;2;"Immigrants";"Allowed"
4;0;6;5;1;3;1;4;2;4;4;4;2;4;3;5;4;4;3;4;4;"Immigrants";"Stopped"
2;0;3;8;1;2;1;3;2;1;4;4;3;4;5;2;4;2;2;2;2;"Immigrants";"Stopped"
4;0;5;5;1;2;2;4;2;4;4;4;3;1;4;2;4;4;4;4;3;"Immigrants";"Allowed"
4;0;4;3;1;3;2;4;5;4;4;4;4;2;2;4;5;2;3;2;5;"Multinationals";"Stopped"
5;0;2;7;1;3;2;3;2;2;4;4;3;3;4;5;4;2;2;2;3;"Multinationals";"Stopped"
5;0;1;5;1;3;2;4;4;5;3;3;3;4;3;4;3;3;3;3;4;"Immigrants";"Allowed"
3;0;2;6;1;3;1;3;3;2;2;3;2;3;3;2;4;3;3;4;4;"Multinationals";"Stopped"
2;0;4;10;1;3;1;2;4;3;3;2;2;2;2;2;3;3;3;4;2;"Immigrants";"Allowed"
3;0;5;5;1;1;2;2;2;3;4;3;3;4;3;4;4;2;3;4;4;"Immigrants";"Stopped"
3;0;2;5;1;2;1;4;3;4;4;3;4;4;2;4;5;2;3;4;3;"Immigrants";"Allowed"
2;0;6;5;1;1;2;4;4;5;4;2;2;2;2;4;5;2;4;7;2;"Immigrants";"Allowed"
2;0;3;4;1;3;2;2;1;2;4;4;2;2;2;4;5;1;3;1;4;"Multinationals";"Stopped"
2;0;5;5;1;2;1;2;4;4;4;4;4;4;2;4;4;2;4;2;4;"Immigrants";"Stopped"
4;0;6;5;1;3;1;2;2;2;2;2;2;2;4;5;4;1;2;2;5;"Multinationals";"Allowed"
2;0;5;5;1;3;1;3;4;2;2;2;2;2;2;2;2;2;2;3;4;"Multinationals";"Allowed"
4;0;6;4;1;3;1;3;5;4;4;3;3;2;3;5;3;2;3;3;4;"Immigrants";"Allowed"
4;0;6;5;1;3;2;2;2;2;2;2;2;2;2;5;4;2;2;2;4;"Multinationals";"Stopped"
3;0;4;2;1;3;2;3;2;3;1;2;2;2;2;4;5;1;1;1;5;"Immigrants";"Stopped"
4;0;5;8;1;3;2;4;2;2;4;2;2;2;2;2;2;1;2;1;5;"Immigrants";"Allowed"
3;1;6;8;1;2;2;4;2;2;4;4;3;4;2;5;3;2;2;2;4;"Immigrants";"Stopped"
2;0;5;3;1;3;1;4;3;3;3;4;4;2;3;4;2;2;4;2;3;"Immigrants";"Allowed"
2;1;5;3;1;3;1;4;4;4;4;4;4;2;2;4;5;2;2;2;4;"Immigrants";"Stopped"
4;0;3;6;1;3;2;4;2;2;2;2;1;2;2;4;3;2;2;2;4;"Immigrants";"Allowed"
4;0;4;4;1;2;2;5;2;2;2;2;2;2;2;1;5;2;3;2;4;"Multinationals";"Stopped"
2;0;5;7;1;2;2;3;2;2;2;2;2;2;2;4;4;3;4;4;4;"Immigrants";"Stopped"
2;0;2;6;1;3;2;3;2;3;2;2;2;2;2;4;4;2;2;2;4;"Multinationals";"Stopped"
4;0;3;4;1;3;2;4;4;2;3;4;3;4;2;4;4;3;4;2;4;"Immigrants";"Stopped"
2;0;6;8;1;2;2;4;2;3;2;4;1;4;2;5;7;2;4;2;4;"Multinationals";"Allowed"
2;0;3;2;1;3;1;2;2;2;2;3;2;2;2;2;2;2;2;2;4;"Immigrants";"Allowed"
2;0;5;5;1;2;1;4;3;4;3;3;3;3;3;4;4;2;3;4;4;"Multinationals";"Allowed"
3;0;3;7;1;3;1;3;3;3;1;1;1;1;1;3;3;1;2;2;2;"Immigrants";"Stopped"
3;0;1;9;1;2;1;4;4;4;3;2;2;2;2;5;5;3;3;2;3;"Multinationals";"Allowed"
4;0;1;2;1;2;2;4;4;2;2;2;2;2;2;4;4;2;2;2;4;"Immigrants";"Stopped"
3;0;2;5;1;3;2;3;3;2;3;2;2;2;2;4;2;2;2;2;3;"Immigrants";"Stopped"
2;0;5;5;1;1;1;2;2;2;2;3;2;2;2;2;5;3;4;4;1;"Immigrants";"Allowed"
5;0;2;5;1;2;2;4;3;4;4;3;3;3;3;4;4;2;4;3;4;"Immigrants";"Stopped"
2;0;2;0;1;2;2;2;2;2;3;2;2;3;2;5;3;NA;NA;NA;NA;"Immigrants";"Stopped"
5;0;3;77;1;NA;2;7;7;4;7;7;2;7;7;7;1;NA;NA;NA;NA;"Multinationals";"Allowed"
3;0;2;8;1;3;1;4;4;4;2;2;2;3;2;4;2;2;4;4;4;"Immigrants";"Stopped"
3;0;1;7;1;2;1;3;2;4;2;2;2;3;2;4;3;2;4;2;3;"Immigrants";"Allowed"
4;0;2;3;1;2;1;2;2;3;4;4;4;2;3;3;7;2;2;2;4;"Immigrants";"no_response"
4;0;3;7;1;3;1;2;1;1;2;2;2;1;1;4;5;3;2;4;5;"Multinationals";"Stopped"
2;0;1;8;1;2;1;4;3;4;4;2;2;4;3;4;4;2;2;3;2;"Immigrants";"Stopped"
4;0;4;8;1;3;1;4;4;3;3;4;4;4;3;2;4;3;3;4;4;"Immigrants";"Allowed"
4;0;6;4;1;1;2;4;5;4;2;4;3;4;3;4;5;2;3;4;3;"Multinationals";"Stopped"
2;0;3;6;1;2;2;5;5;5;2;4;4;2;2;2;2;5;5;5;2;"Immigrants";"no_response"
4;0;6;8;1;3;1;2;2;4;3;4;3;4;3;2;1;2;4;4;4;"Multinationals";"Allowed"
4;0;3;6;1;3;1;4;2;2;1;2;2;2;2;2;2;3;3;4;4;"Immigrants";"Allowed"
2;7;5;3;1;1;1;4;3;3;2;3;2;2;3;4;5;3;3;3;4;"Multinationals";"Stopped"
3;0;3;8;1;3;1;4;4;4;4;4;3;4;2;2;4;2;2;4;4;"Multinationals";"Stopped"
1;0;6;6;1;2;1;4;4;3;2;4;2;3;3;4;5;2;3;2;2;"Immigrants";"Stopped"
2;0;6;8;1;2;1;3;3;3;4;4;3;4;3;5;5;2;3;2;4;"Immigrants";"Allowed"
4;0;6;7;1;2;1;4;4;4;3;3;3;3;3;2;4;5;5;5;3;"Multinationals";"Allowed"
2;0;4;77;1;3;2;3;3;3;4;3;3;7;2;4;7;2;2;2;4;"Immigrants";"Stopped"
4;0;5;4;1;3;2;2;2;3;3;3;2;3;2;3;1;1;2;3;4;"Multinationals";"Allowed"
2;0;5;8;1;3;2;4;3;3;2;3;2;3;3;5;5;2;4;2;4;"Immigrants";"Stopped"
4;0;3;5;1;2;1;3;4;3;2;2;2;7;3;4;3;NA;NA;NA;NA;"Immigrants";"Stopped"
4;0;6;3;1;3;1;3;3;3;2;4;2;2;2;4;4;2;3;3;3;"Immigrants";"Stopped"
4;0;4;5;1;3;2;4;3;3;4;2;4;4;3;1;3;4;4;3;2;"Immigrants";"Stopped"
2;0;4;5;1;3;2;4;2;2;2;2;2;2;2;4;4;1;1;1;4;"Immigrants";"Stopped"
4;0;6;5;1;1;1;3;4;4;3;2;3;3;3;3;3;4;4;4;2;"Multinationals";"Allowed"
3;0;6;5;1;1;1;4;2;3;4;4;3;1;1;4;4;3;4;3;4;"Immigrants";"Stopped"
2;0;6;5;1;1;1;4;5;5;4;3;2;4;3;4;5;2;2;4;4;"Immigrants";"Stopped"
2;0;3;5;1;2;1;4;4;4;3;3;3;4;4;2;4;3;3;3;2;"Immigrants";"Stopped"
1;1;5;5;1;2;2;2;2;4;3;3;3;4;1;5;5;5;5;4;5;"Multinationals";"Allowed"
4;0;5;8;1;2;1;4;4;5;2;3;2;2;2;4;4;3;4;4;4;"Immigrants";"Allowed"
3;0;4;5;1;2;1;3;2;2;3;3;2;3;3;2;4;2;3;3;4;"Multinationals";"Allowed"
3;0;4;4;1;1;1;4;2;3;2;2;2;2;3;3;5;3;4;3;4;"Immigrants";"Stopped"
4;0;3;6;1;3;1;2;2;2;2;2;4;2;1;4;2;1;2;2;5;"Multinationals";"Allowed"
4;0;3;5;1;1;1;1;1;4;2;2;4;4;2;4;4;2;4;2;4;"Multinationals";"Allowed"
2;0;6;5;1;3;1;5;5;5;3;3;3;3;2;5;5;2;4;4;4;"Immigrants";"Stopped"
2;0;1;3;1;NA;1;4;4;4;4;3;3;3;4;3;2;3;4;4;4;"Immigrants";"Allowed"
4;0;6;5;1;3;1;4;4;2;4;4;3;4;4;4;5;2;4;4;4;"Multinationals";"Stopped"
4;0;2;5;1;2;2;4;4;2;2;2;2;4;2;4;4;2;2;2;4;"Multinationals";"Allowed"
4;0;6;7;1;3;2;2;4;2;2;3;2;3;3;3;4;3;4;2;4;"Immigrants";"Stopped"
3;0;6;5;1;2;2;4;4;4;3;3;3;3;3;4;4;3;4;4;3;"Immigrants";"Allowed"
4;0;5;5;1;3;2;2;2;2;2;2;2;2;2;4;4;2;3;3;4;"Immigrants";"Stopped"
3;0;4;3;1;3;2;4;4;4;3;4;3;3;3;3;5;2;3;4;3;"Immigrants";"Allowed"
2;0;2;6;1;3;2;4;4;3;2;3;1;3;2;2;4;4;4;2;4;"Immigrants";"Allowed"
4;0;6;5;1;1;2;5;5;5;4;4;4;4;4;4;5;3;4;3;3;"Immigrants";"Allowed"
4;0;6;7;1;3;2;2;2;2;2;3;2;2;3;4;4;2;3;2;2;"Immigrants";"Stopped"
2;0;2;4;1;3;1;4;3;3;2;3;2;2;2;5;2;1;2;2;4;"Multinationals";"Allowed"
2;0;3;4;1;3;1;4;3;4;2;2;2;2;2;2;4;4;4;4;4;"Multinationals";"Stopped"
2;0;6;4;1;1;1;4;2;2;2;2;2;2;2;2;5;3;3;3;2;"Immigrants";"Stopped"
4;1;6;0;1;3;1;2;4;2;1;2;2;2;1;4;4;2;2;2;5;"Immigrants";"Stopped"
4;0;6;5;1;1;1;4;4;4;4;4;4;4;4;4;2;2;2;2;2;"Immigrants";"Allowed"
2;1;5;7;1;2;2;1;1;4;2;3;1;4;2;4;5;2;4;3;4;"Immigrants";"Allowed"
2;0;3;3;1;1;2;4;7;4;4;4;4;2;2;2;4;2;2;2;4;"Immigrants";"Stopped"
2;0;6;77;1;1;2;4;4;4;4;3;7;4;4;4;5;3;4;2;2;"Multinationals";"Allowed"
5;0;5;5;1;1;2;4;4;4;3;2;2;3;2;3;2;5;4;5;2;"Multinationals";"Allowed"
3;0;1;6;1;3;2;4;2;2;4;2;2;2;2;4;2;2;2;2;4;"Multinationals";"Stopped"
4;0;5;5;1;1;1;2;2;3;3;4;3;4;3;4;4;4;4;3;3;"Immigrants";"Allowed"
2;0;4;77;1;2;1;1;2;2;2;2;2;2;2;2;4;2;2;2;4;"Multinationals";"Allowed"
4;0;4;6;1;3;2;5;5;4;4;4;4;4;3;4;4;3;4;4;3;"Multinationals";"Allowed"
2;0;5;5;1;2;2;4;3;3;3;3;2;4;3;4;4;2;3;2;3;"Multinationals";"Allowed"
4;0;5;8;1;2;2;3;3;4;4;4;3;3;4;4;4;2;4;3;4;"Multinationals";"Allowed"
2;0;3;8;1;2;2;3;2;1;2;3;3;4;2;2;2;3;3;2;4;"Multinationals";"Allowed"
4;0;3;8;1;2;2;4;4;4;4;4;4;4;3;4;4;3;4;4;3;"Multinationals";"Allowed"
4;0;2;5;1;2;2;4;4;5;4;3;4;3;3;4;4;NA;NA;NA;NA;"Multinationals";"Allowed"
5;0;1;7;1;1;1;5;4;3;5;4;3;3;3;1;2;3;3;3;3;"Multinationals";"Allowed"
4;1;1;8;1;3;1;2;2;2;2;2;2;2;1;3;2;2;4;4;4;"Immigrants";"Stopped"
2;0;6;5;1;1;1;4;3;4;3;2;2;4;4;5;5;3;3;4;3;"Immigrants";"Stopped"
2;0;5;5;1;1;1;2;2;2;2;2;2;2;2;4;4;3;3;4;2;"Immigrants";"Stopped"
2;1;5;6;1;3;1;2;2;4;1;1;2;2;2;4;2;2;4;4;2;"Immigrants";"Allowed"
1;0;4;5;1;1;1;4;4;4;3;3;3;4;3;4;5;2;4;4;4;"Immigrants";"Allowed"
4;0;1;4;1;2;2;2;2;5;2;2;2;2;2;3;4;1;2;2;4;"Immigrants";"Stopped"
4;0;5;77;1;2;2;4;4;4;3;4;3;3;4;3;2;1;2;2;2;"Immigrants";"Stopped"
1;0;3;6;1;3;2;3;2;2;3;3;2;1;1;3;2;2;3;4;4;"Immigrants";"Stopped"
1;0;6;5;1;1;2;5;5;7;2;2;2;2;2;4;4;3;4;4;7;"Multinationals";"Stopped"
2;0;4;4;1;3;2;4;4;4;2;2;2;4;2;4;4;3;3;3;3;"Immigrants";"Stopped"
2;0;4;77;1;1;2;4;4;3;3;3;2;3;2;4;3;2;4;3;3;"Immigrants";"Stopped"
2;0;5;3;1;3;1;3;3;3;2;2;3;2;2;4;4;2;2;2;4;"Multinationals";"Stopped"
4;0;6;5;1;2;1;4;4;2;2;2;2;4;2;4;4;2;2;2;3;"Multinationals";"Stopped"
2;0;4;5;1;3;1;4;3;3;4;4;3;2;2;5;5;3;3;4;4;"Multinationals";"Allowed"
2;1;5;8;1;3;1;2;1;1;3;1;1;1;1;3;2;2;4;4;2;"Immigrants";"Stopped"
2;0;5;4;1;3;1;2;2;3;1;1;1;1;1;4;4;1;1;1;4;"Immigrants";"Allowed"
2;0;4;9;1;3;1;2;2;3;4;4;4;2;3;2;2;2;2;4;2;"Multinationals";"Stopped"
4;0;6;5;1;2;1;5;5;5;3;3;2;4;3;5;5;4;5;5;2;"Multinationals";"Allowed"
1;0;2;2;1;3;2;4;2;2;2;3;3;3;3;5;5;1;2;1;5;"Multinationals";"Allowed"
2;0;2;5;1;2;2;4;4;2;3;3;2;3;2;4;5;2;2;2;4;"Immigrants";"Allowed"
2;0;4;5;1;3;2;5;2;3;2;2;2;2;1;2;5;2;3;3;4;"Multinationals";"Allowed"
3;0;6;5;1;2;2;5;4;5;2;2;2;3;1;5;5;3;4;4;3;"Immigrants";"Stopped"
2;0;6;6;1;2;2;4;4;4;2;2;3;3;3;3;4;2;3;3;4;"Multinationals";"Stopped"
2;0;1;6;1;3;1;2;2;1;2;2;3;2;1;3;5;1;2;1;5;"Multinationals";"Allowed"
4;0;1;5;1;1;1;4;4;4;4;4;3;2;2;3;2;2;3;3;4;"Immigrants";"Allowed"
2;1;6;6;1;2;2;2;2;2;2;2;2;3;2;2;4;2;3;2;4;"Multinationals";"Allowed"
4;1;6;10;1;1;1;5;4;4;4;4;4;4;4;2;4;4;4;4;3;"Multinationals";"Stopped"
2;0;4;8;1;2;1;4;3;2;3;4;2;2;2;3;2;4;4;4;3;"Multinationals";"Stopped"
3;0;5;6;1;2;1;4;4;4;4;3;3;4;3;2;3;3;4;4;4;"Multinationals";"Stopped"
2;0;5;6;1;3;1;3;2;2;2;2;2;2;1;2;2;2;3;3;4;"Immigrants";"Stopped"
2;0;4;3;1;2;1;2;2;2;3;2;2;3;1;4;5;2;3;1;4;"Multinationals";"Allowed"
2;0;2;7;1;3;1;4;3;2;3;4;3;2;2;4;2;2;3;3;4;"Multinationals";"Allowed"
2;0;1;7;1;2;2;2;4;4;3;2;3;2;2;3;4;2;2;2;3;"Immigrants";"Stopped"
2;0;6;5;1;2;2;4;4;4;3;3;2;3;3;3;3;3;4;3;3;"Immigrants";"Stopped"
4;0;5;5;1;1;2;4;4;3;4;4;4;4;3;3;4;3;3;3;3;"Immigrants";"Allowed"
3;0;3;6;1;3;2;3;2;3;2;2;2;2;2;3;2;3;3;2;4;"Immigrants";"Stopped"
2;0;3;4;1;2;2;5;5;4;3;4;3;3;2;5;5;3;4;4;4;"Immigrants";"Stopped"
3;0;5;77;1;2;2;4;3;3;4;3;3;4;3;4;5;2;2;3;4;"Multinationals";"Stopped"
2;0;5;5;1;1;1;2;2;2;4;2;2;4;1;4;5;2;4;4;4;"Multinationals";"Stopped"
2;0;5;5;1;2;1;1;1;4;3;4;4;4;5;5;5;2;3;3;4;"Multinationals";"Allowed"
3;0;4;5;1;2;1;4;3;2;2;2;2;2;2;4;5;2;3;4;4;"Multinationals";"Allowed"
2;0;6;5;1;1;1;3;5;3;2;3;2;4;2;5;5;1;5;4;2;"Multinationals";"Stopped"
5;0;6;6;1;1;2;4;2;4;2;2;2;4;3;1;4;4;5;5;2;"Immigrants";"no_response"
2;0;5;8;1;3;2;5;5;5;2;4;2;4;3;5;4;5;5;5;2;"Multinationals";"Allowed"
4;0;6;6;1;2;2;4;4;4;4;4;4;4;4;2;2;4;2;4;4;"Multinationals";"Stopped"
2;0;6;77;1;1;2;4;4;3;2;2;2;3;2;4;4;4;4;3;4;"Immigrants";"Stopped"
2;0;1;77;1;1;2;4;4;3;3;4;3;4;3;3;4;2;4;3;4;"Multinationals";"Stopped"
4;1;6;9;1;3;1;3;3;1;5;4;4;4;4;1;1;5;5;5;1;"Multinationals";"Stopped"
4;0;5;7;1;3;2;2;2;2;2;2;2;2;2;2;4;2;4;3;4;"Immigrants";"Stopped"
3;0;5;5;1;1;2;3;3;3;2;3;2;2;2;1;3;3;4;3;2;"Multinationals";"Allowed"
3;0;3;8;1;3;2;2;2;2;2;2;2;2;3;2;3;2;3;3;3;"Multinationals";"Stopped"
2;0;4;5;1;2;2;2;2;2;3;2;3;2;2;2;4;NA;NA;NA;NA;"Immigrants";"Stopped"
2;0;3;7;1;3;2;4;5;5;2;2;2;2;1;2;2;3;2;3;3;"Immigrants";"Stopped"
2;0;1;6;1;2;1;4;3;4;4;2;2;2;3;3;2;1;2;2;5;"Immigrants";"Allowed"
2;0;6;10;1;2;2;3;2;3;3;3;3;4;4;4;4;3;3;4;2;"Multinationals";"Stopped"
2;1;5;8;1;1;1;2;2;2;2;3;2;2;2;2;2;2;3;3;3;"Immigrants";"Allowed"
4;0;1;6;1;3;1;4;4;3;3;4;3;1;1;1;3;2;3;2;4;"Multinationals";"Allowed"
4;0;4;5;1;3;1;2;2;4;2;4;2;2;2;2;5;2;4;4;2;"Immigrants";"Stopped"
2;0;5;7;1;2;2;3;3;3;3;3;3;2;2;5;3;2;2;2;4;"Immigrants";"Stopped"
2;0;5;5;1;1;1;3;4;4;4;2;2;4;3;5;5;3;4;4;2;"Immigrants";"Stopped"
3;0;4;99;1;1;1;4;4;4;3;3;2;2;2;5;4;4;5;4;1;"Immigrants";"Allowed"
3;0;5;5;1;2;1;2;2;2;2;2;2;2;2;3;4;1;3;2;2;"Multinationals";"Allowed"
5;0;3;7;1;3;1;1;1;2;3;2;3;2;2;3;2;2;2;2;3;"Immigrants";"Allowed"
3;0;3;8;1;3;2;5;4;3;4;4;3;4;3;4;5;2;4;5;3;"Immigrants";"no_response"
2;0;4;77;1;2;2;2;4;3;3;2;3;4;3;4;4;NA;NA;NA;NA;"Multinationals";"Stopped"
1;0;5;3;1;3;1;2;1;2;1;1;1;1;1;5;5;1;1;1;5;"Multinationals";"Allowed"
3;0;4;10;1;2;1;4;5;5;4;4;4;4;3;2;5;2;3;3;3;"Immigrants";"Allowed"
1;0;2;7;1;2;1;4;2;4;4;3;2;2;1;4;4;4;4;3;4;"Immigrants";"Stopped"
3;0;2;5;1;3;2;3;2;3;3;3;3;3;3;4;4;3;3;3;4;"Multinationals";"Allowed"
2;0;5;7;1;2;1;4;4;4;2;3;2;4;4;2;4;4;4;5;2;"Multinationals";"Stopped"
2;0;4;6;1;3;1;2;2;2;2;3;2;2;2;3;4;2;3;2;4;"Immigrants";"Stopped"
3;0;6;5;1;3;2;3;3;3;2;4;3;4;3;4;4;1;2;3;4;"Immigrants";"Stopped"
2;0;2;5;1;2;2;5;5;5;4;4;4;3;3;3;4;4;3;4;3;"Immigrants";"Allowed"
2;0;2;4;1;1;2;3;3;4;4;4;4;4;3;4;5;2;3;2;5;"Multinationals";"Allowed"
2;0;2;7;1;3;1;4;3;2;2;2;2;2;2;4;3;2;2;3;4;"Multinationals";"Allowed"
2;0;5;5;1;2;2;4;2;3;2;2;2;3;2;3;2;2;2;3;2;"Immigrants";"Stopped"
3;0;4;5;1;3;2;2;3;2;2;3;2;2;3;4;3;3;3;3;4;"Multinationals";"Allowed"
4;0;2;4;1;2;1;3;2;3;2;3;2;3;2;3;4;2;3;3;3;"Immigrants";"Stopped"
3;0;1;5;1;2;1;4;3;3;3;2;2;2;3;3;2;2;3;2;3;"Multinationals";"Stopped"
1;1;6;5;1;1;1;4;4;3;5;3;5;5;3;5;5;3;4;4;2;"Multinationals";"Stopped"
3;0;5;2;1;1;1;4;4;4;4;3;3;4;3;4;4;4;5;5;2;"Immigrants";"Stopped"
3;0;2;7;1;3;2;4;4;2;3;4;3;2;2;4;4;2;2;2;4;"Immigrants";"Stopped"
4;0;4;8;1;3;2;5;4;5;5;5;5;5;5;4;2;4;5;5;1;"Multinationals";"Stopped"
2;0;5;9;1;3;2;2;2;3;3;4;3;4;3;1;1;2;4;5;4;"Immigrants";"Stopped"
2;0;6;5;1;NA;1;4;2;4;2;3;2;4;1;5;4;5;4;2;1;"Multinationals";"Allowed"
2;1;6;7;1;3;1;4;2;2;2;4;2;2;2;3;3;2;3;2;4;"Multinationals";"Allowed"
3;0;2;2;1;3;2;2;2;2;2;2;2;3;2;3;3;3;3;2;4;"Immigrants";"Stopped"
2;0;5;4;1;3;2;2;2;2;4;2;2;2;2;3;4;1;1;1;5;"Multinationals";"Allowed"
4;0;5;4;1;3;1;1;1;2;3;4;3;2;3;5;5;1;3;2;4;"Multinationals";"Allowed"
2;0;6;6;1;3;2;5;4;2;2;2;2;3;4;2;2;2;2;3;4;"Immigrants";"Stopped"
4;0;1;5;1;3;2;2;2;3;3;4;3;3;3;4;4;2;3;2;3;"Immigrants";"Stopped"
5;0;3;5;1;2;1;3;5;5;3;5;3;3;3;3;5;5;5;5;3;"Multinationals";"Stopped"
4;0;2;5;1;3;1;2;2;3;4;4;4;4;3;4;4;2;2;2;4;"Immigrants";"Stopped"
4;0;1;5;1;3;2;3;5;1;3;2;2;3;3;3;3;1;1;1;5;"Multinationals";"Allowed"
3;0;3;5;1;3;1;4;2;4;4;3;2;2;2;4;4;2;4;3;4;"Immigrants";"Stopped"
2;1;6;5;1;2;1;4;4;4;4;4;4;3;2;5;4;3;3;4;2;"Multinationals";"Stopped"
2;0;1;3;1;3;2;5;5;3;4;3;2;2;3;4;4;3;3;3;3;"Immigrants";"Stopped"
4;0;6;8;1;1;2;4;4;4;4;4;3;3;3;4;4;3;3;3;3;"Immigrants";"Allowed"
4;0;6;10;1;1;2;4;4;4;4;4;4;4;3;1;4;2;4;3;2;"Multinationals";"Allowed"
2;0;6;6;1;2;1;4;4;4;2;4;3;2;3;4;4;2;3;3;2;"Immigrants";"Stopped"
4;0;5;7;1;3;1;4;2;2;2;2;2;2;1;4;2;2;4;2;4;"Multinationals";"Allowed"
4;0;4;9;1;3;1;2;2;3;3;3;3;3;3;4;2;4;4;4;2;"Multinationals";"no_response"
4;0;3;2;1;3;2;4;4;4;2;2;2;3;2;2;4;2;2;2;4;"Immigrants";"Allowed"
2;0;2;1;1;3;1;4;3;3;3;4;4;4;2;4;5;2;3;3;4;"Multinationals";"Allowed"
4;0;2;7;1;2;1;4;3;3;4;2;3;3;3;4;3;3;3;2;2;"Immigrants";"Allowed"
4;0;5;7;1;1;1;4;4;4;4;4;3;4;4;4;4;4;5;5;2;"Multinationals";"Stopped"
4;0;1;7;1;2;1;3;2;3;4;2;2;3;2;2;4;2;4;3;4;"Immigrants";"Allowed"
3;0;2;7;1;3;2;4;4;4;3;3;3;4;3;4;5;3;3;2;4;"Immigrants";"Stopped"
2;0;4;7;1;1;1;2;4;2;2;2;2;3;2;4;3;2;4;4;3;"Multinationals";"Stopped"
3;0;6;5;1;2;1;2;4;4;4;4;4;4;4;4;4;4;4;4;2;"Immigrants";"Allowed"
2;1;4;8;1;3;1;2;2;3;2;3;2;2;3;3;5;2;2;3;4;"Immigrants";"Stopped"
1;0;5;77;1;2;2;2;2;4;2;3;2;3;1;4;4;3;3;4;4;"Immigrants";"no_response"
2;0;6;5;1;3;1;4;4;4;4;3;2;3;1;4;5;4;3;4;2;"Immigrants";"no_response"
4;0;4;4;1;3;2;2;3;4;2;2;2;2;2;3;5;2;2;2;4;"Immigrants";"no_response"
2;0;6;5;1;1;2;2;2;2;1;2;1;2;2;4;4;2;2;2;3;"Multinationals";"Stopped"
4;0;6;6;1;1;2;4;4;3;4;3;4;3;4;4;2;4;5;5;4;"Immigrants";"Stopped"
4;0;6;6;1;1;2;2;4;2;4;4;3;2;3;2;3;2;2;4;4;"Immigrants";"Stopped"
4;0;5;3;1;1;1;2;2;4;2;2;2;3;2;4;4;2;3;3;4;"Multinationals";"Stopped"
5;0;5;7;1;3;1;5;4;4;4;4;4;4;3;4;5;3;4;4;4;"Multinationals";"Stopped"
3;0;3;2;1;2;1;3;3;3;4;3;2;2;3;3;3;2;2;2;3;"Multinationals";"Allowed"
4;0;2;3;1;3;1;2;2;2;2;3;2;2;3;4;4;1;3;2;4;"Immigrants";"Stopped"
2;0;6;6;1;2;1;4;3;2;4;4;2;3;4;2;2;4;2;3;4;"Multinationals";"Allowed"
2;0;2;7;1;1;1;2;2;3;2;3;2;4;2;3;3;4;3;2;3;"Multinationals";"Stopped"
2;0;5;5;1;2;1;2;2;3;2;3;2;4;3;3;5;2;4;2;3;"Immigrants";"Stopped"
2;0;3;5;1;3;2;4;4;5;3;4;3;2;4;2;4;NA;NA;NA;NA;"Immigrants";"Stopped"
4;0;3;3;1;3;1;2;2;2;2;1;2;2;3;4;4;2;2;2;4;"Immigrants";"Allowed"
2;0;2;7;1;3;2;2;1;1;2;2;2;1;2;3;3;2;2;2;4;"Immigrants";"Stopped"
1;0;6;6;1;3;1;2;2;2;2;1;1;1;1;3;3;2;4;2;4;"Immigrants";"Allowed"
3;0;5;3;1;2;1;3;4;3;4;4;3;4;2;4;5;3;5;4;4;"Immigrants";"Allowed"
2;0;5;5;1;2;2;2;2;1;4;4;4;2;3;2;4;2;2;3;4;"Multinationals";"Stopped"
3;0;6;77;1;2;1;1;1;1;3;3;3;3;3;1;3;1;1;1;5;"Multinationals";"Allowed"
2;0;3;5;1;2;1;3;3;3;3;2;2;2;2;4;3;3;4;4;2;"Multinationals";"Allowed"
4;0;6;0;1;1;1;4;4;5;4;4;3;3;3;5;4;2;4;3;3;"Multinationals";"Allowed"
4;0;6;8;1;3;1;3;4;3;4;4;4;4;4;1;1;2;5;4;3;"Immigrants";"Allowed"
2;0;4;3;1;3;2;2;2;2;4;4;3;2;3;4;5;1;1;1;5;"Immigrants";"Stopped"
4;0;2;3;1;3;1;2;2;3;2;4;3;4;3;5;5;1;3;1;5;"Immigrants";"Allowed"
5;0;2;6;1;3;1;4;2;2;4;4;2;3;2;4;3;2;2;1;5;"Multinationals";"Stopped"
3;0;6;5;1;1;2;2;4;5;4;4;4;4;3;3;5;3;4;4;3;"Multinationals";"Stopped"
2;0;4;7;1;2;2;4;3;2;2;3;2;3;3;2;4;2;2;3;2;"Multinationals";"Allowed"
3;0;4;7;1;3;2;4;3;4;2;3;2;2;2;4;5;2;2;2;4;"Immigrants";"Stopped"
2;0;2;5;1;3;2;4;4;4;2;3;3;3;4;4;4;3;4;4;3;"Immigrants";"no_response"
1;0;5;5;1;3;1;3;2;2;2;2;2;2;2;3;4;2;2;3;4;"Multinationals";"no_response"
3;0;3;1;1;3;1;2;2;3;2;2;4;1;3;4;5;2;2;2;4;"Immigrants";"Stopped"
2;0;6;7;1;2;2;4;2;4;4;4;2;2;2;4;4;3;5;5;3;"Immigrants";"Stopped"
4;0;4;4;1;3;1;2;2;4;4;5;4;5;4;4;5;2;4;2;4;"Immigrants";"Stopped"
2;0;6;5;1;3;2;2;2;2;2;2;2;4;2;2;4;2;2;4;4;"Multinationals";"Allowed"
3;0;5;5;1;2;2;4;2;2;3;3;3;3;3;4;3;3;4;4;4;"Multinationals";"Stopped"
1;0;4;5;1;1;1;3;2;4;4;4;3;4;4;3;3;3;3;3;3;"Immigrants";"Stopped"
4;0;1;5;1;2;1;4;4;3;2;2;2;3;2;4;3;3;3;3;2;"Immigrants";"Allowed"
4;0;6;1;1;2;2;4;4;4;4;4;4;4;4;4;4;2;4;3;2;"Multinationals";"Stopped"
3;0;5;3;1;1;1;4;2;3;2;2;2;3;3;4;5;2;2;2;4;"Immigrants";"Stopped"
2;0;6;5;1;3;1;2;2;3;2;2;2;2;2;4;4;2;2;2;4;"Multinationals";"Allowed"
4;0;6;6;1;1;1;4;4;4;4;4;4;3;4;4;5;4;2;3;4;"Immigrants";"Stopped"
2;0;5;5;1;2;1;4;3;4;2;2;2;4;2;4;5;4;4;2;2;"Multinationals";"no_response"
4;0;5;5;1;2;1;1;4;4;2;2;2;4;2;4;3;3;2;2;2;"Immigrants";"Stopped"
2;0;4;8;1;3;1;4;2;4;3;3;2;4;2;4;5;3;4;4;3;"Immigrants";"Stopped"
